phase,configuration,run_index,accepted_decode_tok_per_s,output_tokens_reported,exit_code_reported,data_origin
later-es-sweep,E4/S24,1,48.23,1024,0,archived_remote_raw_log
later-es-sweep,E4/S24,2,47.98,1024,0,archived_remote_raw_log
later-es-sweep,E4/S24,3,49.44,1024,0,archived_remote_raw_log
later-es-sweep,E4/S24,4,48.83,1024,0,archived_remote_raw_log
later-es-sweep,E4/S24,5,46.92,1024,0,archived_remote_raw_log
later-es-sweep,E5/S32,1,47.32,1024,0,transcribed_agent_session_not_raw_log
later-es-sweep,E5/S32,2,48.23,1024,0,transcribed_agent_session_not_raw_log
later-es-sweep,E5/S32,3,49.37,1024,0,transcribed_agent_session_not_raw_log
later-es-sweep,E5/S32,4,46.57,1024,0,transcribed_agent_session_not_raw_log
later-es-sweep,E5/S32,5,46.84,1024,0,transcribed_agent_session_not_raw_log
earlier-adaptive-sweep,E4/S32,1,46.71,1024,0,transcribed_agent_session_not_raw_log
earlier-adaptive-sweep,E4/S32,2,46.39,1024,0,transcribed_agent_session_not_raw_log
earlier-adaptive-sweep,E4/S32,3,48.97,1024,0,transcribed_agent_session_not_raw_log
earlier-adaptive-sweep,E8/S96,1,46.24,1024,0,transcribed_agent_session_not_raw_log
earlier-adaptive-sweep,E8/S96,2,44.97,1024,0,transcribed_agent_session_not_raw_log
earlier-adaptive-sweep,E8/S96,3,46.92,1024,0,transcribed_agent_session_not_raw_log
