comparison,history_or_input_tokens,increment,pairs,metric,baseline_median,candidate_median,median_paired_time_reduction_pct,min_paired_time_reduction_pct,max_paired_time_reduction_pct,faster_pairs,regressions_over_2pct
pr1107-incremental-five-pairs-iq3s,32768,256,5,prompt_ms,1301.4,1074.4,16.73582295988937,-24.628499020850136,34.58230958230959,3,2
pr1107-incremental-five-pairs-iq3s,32768,256,5,decode_ms,3421.0,3329.7,2.6688102893890675,-3.2700009033151733,3.1910243333818977,4,1
pr1107-incremental-five-pairs-iq3s,32768,256,5,ttft_s,1.3273924350505695,1.100011411937885,16.418810539631334,-23.86620541156528,33.90327434027546,3,2
pr1107-incremental-five-pairs-iq3s,32768,256,5,wall_s,4.6319056081119925,4.410028468933888,6.531414681041792,-2.4657320736466204,9.528226838829767,3,2
pr1107-incremental-five-pairs-iq3s,32768,512,5,prompt_ms,1842.2,1544.1,16.417910447761198,15.269786125284979,25.93095949986409,5,0
pr1107-incremental-five-pairs-iq3s,32768,512,5,decode_ms,3378.0,3299.5,2.5575145447565006,-3.272771762402882,3.0313795145056277,3,1
pr1107-incremental-five-pairs-iq3s,32768,512,5,ttft_s,1.8682142490288243,1.5697518860688433,16.177697039007953,15.073668511611672,25.580918414283936,5,0
pr1107-incremental-five-pairs-iq3s,32768,512,5,wall_s,5.22626438701991,4.86872637597844,7.025368198384784,3.829654671843674,10.950853661760318,5,0
pr1107-incremental-five-pairs-iq3s,32768,900,5,prompt_ms,2519.0,2158.7,14.231793078787403,13.621539930003179,14.416593955738877,5,0
pr1107-incremental-five-pairs-iq3s,32768,900,5,decode_ms,3681.1,3556.5,3.3848577870745133,-4.25255548653074,4.0225065599047705,4,1
pr1107-incremental-five-pairs-iq3s,32768,900,5,ttft_s,2.545378601993434,2.1848935650195926,14.074264740916053,13.491997354454377,14.27433340140929,5,0
pr1107-incremental-five-pairs-iq3s,32768,900,5,wall_s,6.208125662989914,5.736840775934979,7.527711849207675,3.418234810281695,8.03804972998563,5,0
pr1107-incremental-five-pairs-iq3s,32768,2048,5,prompt_ms,4018.5,4034.1,-0.32353599960179835,-0.8023322452844317,-0.11415808412953421,0,0
pr1107-incremental-five-pairs-iq3s,32768,2048,5,decode_ms,3540.9,3417.7,3.4793414103759024,-0.4317180616740135,3.726690552091849,4,0
pr1107-incremental-five-pairs-iq3s,32768,2048,5,ttft_s,4.045014533912763,4.060274090967141,-0.3154364294916112,-0.8003877298692119,-0.1076896167692798,0,0
pr1107-incremental-five-pairs-iq3s,32768,2048,5,wall_s,7.568208931945264,7.466738747083582,1.340742384018745,-0.6337194149600212,1.6790633609843786,4,0
pr1107-incremental-five-pairs-iq3s,32768,4096,5,prompt_ms,6595.7,6613.3,-0.3109452736318463,-4.0132831804088775,-0.19695477615331303,0,1
pr1107-incremental-five-pairs-iq3s,32768,4096,5,decode_ms,3289.7,3157.5,3.916377578966579,-0.22882567932622777,4.3451893629279255,4,0
pr1107-incremental-five-pairs-iq3s,32768,4096,5,ttft_s,6.622738751000725,6.640029037953354,-0.30398383625711567,-3.996997566424354,-0.18523531595808773,0,1
pr1107-incremental-five-pairs-iq3s,32768,4096,5,wall_s,9.894533650949597,9.782560996012762,1.090907007872155,-2.7538669809833216,1.2033106322316578,4,1
pr1107-incremental-screen-iq2xs,32768,256,2,prompt_ms,1133.65,1005.05,4.541751685058005,-27.702627166014526,36.786130536130536,1,1
pr1107-incremental-screen-iq2xs,32768,256,2,decode_ms,3476.25,3473.6499999999996,0.07488658598671649,0.07043840865547102,0.07933476331796196,2,0
pr1107-incremental-screen-iq2xs,32768,256,2,ttft_s,1.1577074709930457,1.0288999570184387,4.606092079856223,-26.942531406222802,36.15471556593525,1,1
pr1107-incremental-screen-iq2xs,32768,256,2,wall_s,4.617885670042597,4.486460868560243,2.3061488805051105,-5.682343657017808,10.294641418028029,1,1
pr1107-incremental-screen-iq2xs,32768,512,2,prompt_ms,1927.5500000000002,1611.35,16.401993182488226,16.035913765203325,16.76807259977313,2,0
pr1107-incremental-screen-iq2xs,32768,512,2,decode_ms,3357.95,3371.3,-0.407729973287807,-0.8971473754637804,0.08168742888816638,1,0
pr1107-incremental-screen-iq2xs,32768,512,2,ttft_s,1.9516722555272281,1.6352460284833796,16.210805624741724,15.831452870392848,16.590158379090603,2,0
pr1107-incremental-screen-iq2xs,32768,512,2,wall_s,5.293605524988379,4.990459899476264,5.725933704435388,5.661574562757988,5.790292846112788,2,0
pr1107-incremental-screen-iq2xs,32768,900,2,prompt_ms,2624.0,2228.05,15.086015485194743,14.609330005759258,15.562700964630228,2,0
pr1107-incremental-screen-iq2xs,32768,900,2,decode_ms,3322.45,3317.3,0.15167351417284536,-0.0030760712418143044,0.306423099587505,1,0
pr1107-incremental-screen-iq2xs,32768,900,2,ttft_s,2.6484219245030545,2.2520940245012753,14.96112679415721,14.477337649537326,15.444915938777093,2,0
pr1107-incremental-screen-iq2xs,32768,900,2,wall_s,5.954680719936732,5.553465767938178,6.739832715157062,6.507761824116853,6.971903606197271,2,0
pr1107-incremental-screen-iq2xs,32768,2048,2,prompt_ms,4180.6,4179.2,0.032897530931597085,-0.23254141394768446,0.29833647581087863,1,0
pr1107-incremental-screen-iq2xs,32768,2048,2,decode_ms,3356.55,3355.75,0.02296345846208303,-0.02728595682754964,0.0732128737517157,1,0
pr1107-incremental-screen-iq2xs,32768,2048,2,ttft_s,4.2051291484967805,4.204030328488443,0.025575249414727663,-0.2294219682838161,0.28057246711327144,1,0
pr1107-incremental-screen-iq2xs,32768,2048,2,wall_s,7.54589703300735,7.544018397456966,0.02567848542421869,-0.09548541521777754,0.1468423860662149,1,0
pr1107-incremental-screen-iq2xs,32768,4096,2,prompt_ms,6826.9,6829.2,-0.03363810279889412,-0.08926872814012388,0.021992522542335635,1,0
pr1107-incremental-screen-iq2xs,32768,4096,2,decode_ms,3236.1,3236.2,-0.0025225856906507804,-0.03647194699412104,0.03142677561281948,1,0
pr1107-incremental-screen-iq2xs,32768,4096,2,ttft_s,6.851764075981919,6.854383593483362,-0.038174941520274785,-0.10164206301812584,0.025292179977576268,1,0
pr1107-incremental-screen-iq2xs,32768,4096,2,wall_s,10.072117811942007,10.07485628844006,-0.027342913336275698,-0.059903485635715015,0.005217658963163618,1,0
pr1107-fresh-screen-iq3s,4096,0,2,prompt_ms,6055.4,5722.950000000001,5.49086884857195,-0.018163204649779274,10.99990090179368,1,0
pr1107-fresh-screen-iq3s,4096,0,2,decode_ms,3375.3,3512.05,-4.054477937829537,-4.574033791233356,-3.534922084425718,0,2
pr1107-fresh-screen-iq3s,4096,0,2,ttft_s,6.078194884466939,5.745728012989275,5.470523278200451,-0.017584150010097055,10.958630706410998,1,0
pr1107-fresh-screen-iq3s,4096,0,2,wall_s,9.432693738956004,9.237048633978702,2.081291284727693,-1.2826457829376636,5.44522835239305,1,0
pr1107-fresh-screen-iq3s,32768,0,2,prompt_ms,50112.15,47446.8,5.3245474698063955,0.2228472220838107,10.42624771752898,2,0
pr1107-fresh-screen-iq3s,32768,0,2,decode_ms,3591.45,3757.1,-4.612348556419333,-4.689240365337488,-4.5354567475011764,0,2
pr1107-fresh-screen-iq3s,32768,0,2,ttft_s,50.13951106247259,47.474087973998394,5.321783171752781,0.2226928776185355,10.420873465887027,2,0
pr1107-fresh-screen-iq3s,32768,0,2,wall_s,53.711779851000756,51.2122277195449,4.6586852204706215,-0.09507988976353854,9.41245033070478,1,0
pr1107-fresh-screen-iq3s,131072,0,2,prompt_ms,202235.85,201486.9,0.3750016515663146,0.2573947485193462,0.492608554613283,2,0
pr1107-fresh-screen-iq3s,131072,0,2,decode_ms,3816.95,3893.4,-2.003467137881115,-4.035745171519167,0.028810895756936628,1,1
pr1107-fresh-screen-iq3s,131072,0,2,ttft_s,202.27972463949118,201.53080885950476,0.374916638957945,0.2569716587563553,0.49286161915953475,2,0
pr1107-fresh-screen-iq3s,131072,0,2,wall_s,206.08184206846636,205.40922245400725,0.3293562094541569,0.25305585733068625,0.40565656157762753,2,0
pr1107-fresh-screen-iq2xs,4096,0,2,prompt_ms,5529.3,5529.25,0.0008986314002812357,-0.06149616553319248,0.06329342833375495,1,0
pr1107-fresh-screen-iq2xs,4096,0,2,decode_ms,3551.0,3557.95,-0.2668256926899981,-4.058087475605565,3.524436090225569,1,1
pr1107-fresh-screen-iq2xs,4096,0,2,ttft_s,5.550248938496225,5.550201967940666,0.0008396993396053709,-0.061357484553825614,0.06303688323303636,1,0
pr1107-fresh-screen-iq2xs,4096,0,2,wall_s,9.082222694472875,9.089312534953933,-0.08854373159076778,-1.5306262525525582,1.3535387893710227,1,0
pr1107-fresh-screen-iq2xs,32768,0,2,prompt_ms,45969.7,45940.899999999994,0.06255580490881485,-0.0727071664449852,0.1978187762626149,1,0
pr1107-fresh-screen-iq2xs,32768,0,2,decode_ms,3512.45,3519.3500000000004,-0.26554753147250976,-4.019954753756005,3.488859690810986,1,1
pr1107-fresh-screen-iq2xs,32768,0,2,ttft_s,45.99497399898246,45.966573909972794,0.06165193670994995,-0.07352829308369113,0.19683216650359103,1,0
pr1107-fresh-screen-iq2xs,32768,0,2,wall_s,49.48981987242587,49.468524479540065,0.04293646704024434,-0.09752091675747643,0.1833938508379651,1,0
pr1107-fresh-screen-iq2xs,131072,0,2,prompt_ms,193690.35,203105.75,-4.85825607213587,-9.667126239401602,-0.049385904870136166,0,1
pr1107-fresh-screen-iq2xs,131072,0,2,decode_ms,3627.85,3569.75,1.573746088599448,-0.07009476812651627,3.2175869453254125,1,0
pr1107-fresh-screen-iq2xs,131072,0,2,ttft_s,193.7313097580336,203.14804217300843,-4.85794076653917,-9.66630450112833,-0.04957703195000995,0,1
pr1107-fresh-screen-iq2xs,131072,0,2,wall_s,197.34522909246152,206.70451019203756,-4.741390138801082,-9.494233006004492,0.011452728402328027,1,1
