source,session,pair,arm,phase,repeat,input_tokens,base_tokens,increment,prompt_read,reused,generated,prompt_ms,decode_ms,ttft_s,wall_s,drafts_accepted,drafts_offered,input_ids_sha256,output_ids_sha256
current-speed,iq3_s-session,,candidate,short_warmup,,19,,,19,0,21,213.8,408.5,0.25289046100806445,0.6278752089710906,13,19,b618d133ffae8a6618fe3b12e5560bbca7bca5f23ad9246b62661e40a9e7af49,7d9bd063c6848ad9d7419edb7cd167b861adb20ef7bbc4fdd6a22cf795b1ef2d
current-speed,iq3_s-session,,candidate,shape_warmup,0,1024,,,1024,0,256,1733.0,2802.1,1.7561041350709274,4.538669234025292,168,220,e27c87263ce3f5ce8c38a096439ed9a0e4e58a73f94e667c4e0450376be1048f,5be3b291a949d22c68e77cb2abd34edf3f11da75be1736846c6a0eec8bd4ab04
current-speed,iq3_s-session,,candidate,shape_warmup,0,4096,,,4096,0,256,5156.9,2576.7,5.178596224053763,7.735810640035197,170,213,f3ca79d5a4f971614716d22a39c52e88b3b75d996925689a1a7d96e476613c42,02a23639b7c2454d4b45a07ed25d9868bb02087d34aeb88467a2e74dbe68c5ec
current-speed,iq3_s-session,,candidate,shape_warmup,0,32768,,,32768,0,256,41530.6,2892.5,41.55818016792182,44.432307388982736,161,230,f7adb9a9444252d34c2b47a36daf673221f6347412d2f9f4f1813cafcc345b31,2a1869a3f5df7b40e649a021805fabaae7d4ec472dabdfa4be81329c99a522e7
current-speed,iq3_s-session,,candidate,shape_warmup,0,131072,,,131072,0,256,177668.6,3090.7,177.71287447598297,180.78994067700114,163,234,d69a6810e612eb55b62962c038afe0393371914a52100c34dac5e9ccce7d5c09,12025e0c1a19312b4d4a7411fa20d1a1bec1e3daeb0ba7b0d5d2824bea3bada2
current-speed,iq3_s-session,,candidate,measurement,0,1024,,,1024,0,256,1617.9,2530.3,1.638261268963106,4.149998842040077,169,214,e27c87263ce3f5ce8c38a096439ed9a0e4e58a73f94e667c4e0450376be1048f,fd6d00a72c2bceb47c8631ce0d56a3cf41b9bb6a2d87e4be2f9b64a36fcf2899
current-speed,iq3_s-session,,candidate,measurement,0,4096,,,4096,0,256,5327.5,2544.5,5.349091549986042,7.874723216984421,171,214,f3ca79d5a4f971614716d22a39c52e88b3b75d996925689a1a7d96e476613c42,02393f001cd1ae20d7d24f4f951b70ecb759dc2ef862cf6adcb3d6c94da87341
current-speed,iq3_s-session,,candidate,measurement,0,32768,,,32768,0,256,43663.6,2677.1,43.69067679508589,46.35001261299476,169,214,f7adb9a9444252d34c2b47a36daf673221f6347412d2f9f4f1813cafcc345b31,74d35dd8e7e674377424092aaa0ea7569b82cf7c93c1a703f5eb63308754c2e6
current-speed,iq3_s-session,,candidate,measurement,0,131072,,,131072,0,256,182287.8,3002.5,182.3310991700273,185.31873270799406,163,230,d69a6810e612eb55b62962c038afe0393371914a52100c34dac5e9ccce7d5c09,cecbaf4d67aa5d0dfa39e701ce780221029d1c4074e448cfb0b40d65974f2dae
current-speed,iq3_s-session,,candidate,measurement,1,1024,,,1024,0,256,1615.2,2490.8,1.6354273819597438,4.107659843983129,171,212,e27c87263ce3f5ce8c38a096439ed9a0e4e58a73f94e667c4e0450376be1048f,a42d061f566f9f1e4978f5cb288589b14590669d42cd71726a39c448c41ef880
current-speed,iq3_s-session,,candidate,measurement,1,4096,,,4096,0,256,5332.3,2711.4,5.353811057051644,8.046284136013128,164,219,f3ca79d5a4f971614716d22a39c52e88b3b75d996925689a1a7d96e476613c42,b590768caa678377ece468abffa178b78d64bc51e4ea73eb8af89b23fa7cad02
current-speed,iq3_s-session,,candidate,measurement,1,32768,,,32768,0,256,42260.2,2830.7,42.2872457630001,45.10010200703982,162,226,f7adb9a9444252d34c2b47a36daf673221f6347412d2f9f4f1813cafcc345b31,95d8fcc0cc1b51ce9b6e78b260fe559f32455e7c522e311a4b7498ca6f98944c
current-speed,iq3_s-session,,candidate,measurement,1,131072,,,131072,0,256,182441.0,2922.1,182.48421964689624,185.39255633496214,165,220,d69a6810e612eb55b62962c038afe0393371914a52100c34dac5e9ccce7d5c09,cecbaf4d67aa5d0dfa39e701ce780221029d1c4074e448cfb0b40d65974f2dae
current-speed,iq3_s-session,,candidate,measurement,2,1024,,,1024,0,256,1989.0,2512.9,2.00926638499368,4.503766149980947,171,211,e27c87263ce3f5ce8c38a096439ed9a0e4e58a73f94e667c4e0450376be1048f,1a99463c6a2e93e4f515d022f5dae7d6c1678c2b019fe8096e8db4d07b8ad3fe
current-speed,iq3_s-session,,candidate,measurement,2,4096,,,4096,0,256,5718.1,2656.5,5.739717832067981,8.377982751000673,164,214,f3ca79d5a4f971614716d22a39c52e88b3b75d996925689a1a7d96e476613c42,85da2bb8806d0eb7b01b412100e05e7ae0e9958c00a39213e936698cc79d23ff
current-speed,iq3_s-session,,candidate,measurement,2,32768,,,32768,0,256,43668.5,2607.8,43.695481322007254,46.285496460972354,172,216,f7adb9a9444252d34c2b47a36daf673221f6347412d2f9f4f1813cafcc345b31,5588f3ebc2894e7b51858e625f86cfee598743a48b708f46bb755c6dfe50883c
current-speed,iq3_s-session,,candidate,measurement,2,131072,,,131072,0,256,183593.0,2800.2,183.6358724120073,186.42257651104592,170,218,d69a6810e612eb55b62962c038afe0393371914a52100c34dac5e9ccce7d5c09,1cdf0740a50dc88f42bd3ee70c1976cd03a0b9ff86a998e77468f167fee36bc2
pr1107-incremental-screen-iq3s,00-baseline,0,baseline,shape_warmup,-1,33024,32768,256,256,32768,256,867.1,3444.3,0.8933743790257722,4.319704429944977,158,221,651cc0c1b93274d61a13f17eac19f6e02aa0ef237480a43fc0a66f6bdaab4d60,240ae9c8578c33d88438ffc01d5707f8cad2ce6a254f847f34e8a558e13f56f6
pr1107-incremental-screen-iq3s,00-baseline,0,baseline,shape_warmup,-1,33280,32768,512,512,32768,256,1834.2,3374.9,1.8602081370772794,5.21738152904436,162,217,c391937679efc9df7c2671a9dd834d6545e3ad09e72ece8855d3ea2b60abe441,ab6948db61f8e677b42e918813cd1849d687ff0e4fdff5abe490b44bce01121e
pr1107-incremental-screen-iq3s,00-baseline,0,baseline,shape_warmup,-1,33668,32768,900,900,32768,256,2504.9,3696.8,2.5310750510543585,6.209846085053869,164,221,87899534d7ae72d61b54e450074b069692435dda3215aed59d48affc8fe78cad,c344149ac88fadbdb60d66969cc95e5beff6a355850648a76a6cee65e533ee15
pr1107-incremental-screen-iq3s,00-baseline,0,baseline,shape_warmup,-1,34816,32768,2048,2048,32768,256,4015.1,3536.3,4.041431379970163,7.5597974410047755,163,200,4a4ddca0e9a93b421c964670ceb563de4e500088dcca9e90f1d0612952781e9c,fe0941b3d797922514af6835237886e1cff91ba97b36806574fd768f8011c977
pr1107-incremental-screen-iq3s,00-baseline,0,baseline,shape_warmup,-1,36864,32768,4096,4096,32768,256,6293.9,3291.8,6.3210624930216,9.594830504036509,176,198,d33c2fcc7dbf3fa4c69c801b412410e0e675e440fd584aee01a392fd0f59a8e6,0fc8dbd57913747cf2bd96fa7a8a1ef6e856d848999f55914cd605b354cf8dac
pr1107-incremental-screen-iq3s,00-baseline,0,baseline,measurement,0,33024,32768,256,256,32768,256,867.4,3428.8,0.8932142800185829,4.303905686014332,158,221,651cc0c1b93274d61a13f17eac19f6e02aa0ef237480a43fc0a66f6bdaab4d60,240ae9c8578c33d88438ffc01d5707f8cad2ce6a254f847f34e8a558e13f56f6
pr1107-incremental-screen-iq3s,00-baseline,0,baseline,measurement,0,33280,32768,512,512,32768,256,1837.7,3378.0,1.8636195820290595,5.224074618075974,162,217,c391937679efc9df7c2671a9dd834d6545e3ad09e72ece8855d3ea2b60abe441,ab6948db61f8e677b42e918813cd1849d687ff0e4fdff5abe490b44bce01121e
pr1107-incremental-screen-iq3s,00-baseline,0,baseline,measurement,0,33668,32768,900,900,32768,256,2519.0,3680.7,2.545378601993434,6.208125662989914,164,221,87899534d7ae72d61b54e450074b069692435dda3215aed59d48affc8fe78cad,c344149ac88fadbdb60d66969cc95e5beff6a355850648a76a6cee65e533ee15
pr1107-incremental-screen-iq3s,00-baseline,0,baseline,measurement,0,34816,32768,2048,2048,32768,256,4018.1,3537.5,4.044516636058688,7.56417854106985,163,200,4a4ddca0e9a93b421c964670ceb563de4e500088dcca9e90f1d0612952781e9c,fe0941b3d797922514af6835237886e1cff91ba97b36806574fd768f8011c977
pr1107-incremental-screen-iq3s,00-baseline,0,baseline,measurement,0,36864,32768,4096,4096,32768,256,6595.7,3289.7,6.622738751000725,9.894533650949597,176,198,d33c2fcc7dbf3fa4c69c801b412410e0e675e440fd584aee01a392fd0f59a8e6,0fc8dbd57913747cf2bd96fa7a8a1ef6e856d848999f55914cd605b354cf8dac
pr1107-incremental-screen-iq3s,00-candidate,0,candidate,shape_warmup,-1,33024,32768,256,256,32768,256,850.4,3430.8,0.8765368999447674,4.28977449296508,158,221,651cc0c1b93274d61a13f17eac19f6e02aa0ef237480a43fc0a66f6bdaab4d60,240ae9c8578c33d88438ffc01d5707f8cad2ce6a254f847f34e8a558e13f56f6
pr1107-incremental-screen-iq3s,00-candidate,0,candidate,shape_warmup,-1,33280,32768,512,512,32768,256,1540.5,3383.6,1.5664954719832167,4.9322261329507455,162,217,c391937679efc9df7c2671a9dd834d6545e3ad09e72ece8855d3ea2b60abe441,ab6948db61f8e677b42e918813cd1849d687ff0e4fdff5abe490b44bce01121e
pr1107-incremental-screen-iq3s,00-candidate,0,candidate,shape_warmup,-1,33668,32768,900,900,32768,256,2174.5,3555.4,2.200295340968296,5.738243578933179,164,221,87899534d7ae72d61b54e450074b069692435dda3215aed59d48affc8fe78cad,c344149ac88fadbdb60d66969cc95e5beff6a355850648a76a6cee65e533ee15
pr1107-incremental-screen-iq3s,00-candidate,0,candidate,shape_warmup,-1,34816,32768,2048,2048,32768,256,4021.6,3413.6,4.047761530033313,7.4433273680042475,163,200,4a4ddca0e9a93b421c964670ceb563de4e500088dcca9e90f1d0612952781e9c,fe0941b3d797922514af6835237886e1cff91ba97b36806574fd768f8011c977
pr1107-incremental-screen-iq3s,00-candidate,0,candidate,shape_warmup,-1,36864,32768,4096,4096,32768,256,6600.0,3157.6,6.626233083894476,9.766347702941857,176,198,d33c2fcc7dbf3fa4c69c801b412410e0e675e440fd584aee01a392fd0f59a8e6,0fc8dbd57913747cf2bd96fa7a8a1ef6e856d848999f55914cd605b354cf8dac
pr1107-incremental-screen-iq3s,00-candidate,0,candidate,measurement,0,33024,32768,256,256,32768,256,1074.4,3327.4,1.100011411937885,4.410028468933888,158,221,651cc0c1b93274d61a13f17eac19f6e02aa0ef237480a43fc0a66f6bdaab4d60,240ae9c8578c33d88438ffc01d5707f8cad2ce6a254f847f34e8a558e13f56f6
pr1107-incremental-screen-iq3s,00-candidate,0,candidate,measurement,0,33280,32768,512,512,32768,256,1544.1,3275.6,1.5697518860688433,4.827853271039203,162,217,c391937679efc9df7c2671a9dd834d6545e3ad09e72ece8855d3ea2b60abe441,ab6948db61f8e677b42e918813cd1849d687ff0e4fdff5abe490b44bce01121e
pr1107-incremental-screen-iq3s,00-candidate,0,candidate,measurement,0,33668,32768,900,900,32768,256,2157.4,3550.9,2.1833062829682603,5.716700621997006,164,221,87899534d7ae72d61b54e450074b069692435dda3215aed59d48affc8fe78cad,c344149ac88fadbdb60d66969cc95e5beff6a355850648a76a6cee65e533ee15
pr1107-incremental-screen-iq3s,00-candidate,0,candidate,measurement,0,34816,32768,2048,2048,32768,256,4031.1,3428.3,4.057274514925666,7.467968381009996,163,200,4a4ddca0e9a93b421c964670ceb563de4e500088dcca9e90f1d0612952781e9c,fe0941b3d797922514af6835237886e1cff91ba97b36806574fd768f8011c977
pr1107-incremental-screen-iq3s,00-candidate,0,candidate,measurement,0,36864,32768,4096,4096,32768,256,6612.2,3176.9,6.63888300396502,9.798154450953007,176,198,d33c2fcc7dbf3fa4c69c801b412410e0e675e440fd584aee01a392fd0f59a8e6,0fc8dbd57913747cf2bd96fa7a8a1ef6e856d848999f55914cd605b354cf8dac
pr1107-incremental-screen-iq3s,01-candidate,1,candidate,shape_warmup,-1,33024,32768,256,256,32768,256,852.7,3452.8,0.8791198879480362,4.3139020189410076,158,221,651cc0c1b93274d61a13f17eac19f6e02aa0ef237480a43fc0a66f6bdaab4d60,240ae9c8578c33d88438ffc01d5707f8cad2ce6a254f847f34e8a558e13f56f6
pr1107-incremental-screen-iq3s,01-candidate,1,candidate,shape_warmup,-1,33280,32768,512,512,32768,256,1539.6,3378.5,1.5650859590386972,4.925708563998342,162,217,c391937679efc9df7c2671a9dd834d6545e3ad09e72ece8855d3ea2b60abe441,ab6948db61f8e677b42e918813cd1849d687ff0e4fdff5abe490b44bce01121e
pr1107-incremental-screen-iq3s,01-candidate,1,candidate,shape_warmup,-1,33668,32768,900,900,32768,256,2149.4,3696.1,2.175730308983475,5.853895356063731,164,221,87899534d7ae72d61b54e450074b069692435dda3215aed59d48affc8fe78cad,c344149ac88fadbdb60d66969cc95e5beff6a355850648a76a6cee65e533ee15
pr1107-incremental-screen-iq3s,01-candidate,1,candidate,shape_warmup,-1,34816,32768,2048,2048,32768,256,4024.5,3543.1,4.050608875928447,7.57588824396953,163,200,4a4ddca0e9a93b421c964670ceb563de4e500088dcca9e90f1d0612952781e9c,fe0941b3d797922514af6835237886e1cff91ba97b36806574fd768f8011c977
pr1107-incremental-screen-iq3s,01-candidate,1,candidate,shape_warmup,-1,36864,32768,4096,4096,32768,256,6589.6,3294.5,6.616522300988436,9.893015968962573,176,198,d33c2fcc7dbf3fa4c69c801b412410e0e675e440fd584aee01a392fd0f59a8e6,0fc8dbd57913747cf2bd96fa7a8a1ef6e856d848999f55914cd605b354cf8dac
pr1107-incremental-screen-iq3s,01-candidate,1,candidate,measurement,0,33024,32768,256,256,32768,256,854.5,3429.7,0.8805666110711172,4.292453291011043,158,221,651cc0c1b93274d61a13f17eac19f6e02aa0ef237480a43fc0a66f6bdaab4d60,240ae9c8578c33d88438ffc01d5707f8cad2ce6a254f847f34e8a558e13f56f6
pr1107-incremental-screen-iq3s,01-candidate,1,candidate,measurement,0,33280,32768,512,512,32768,256,1545.6,3376.4,1.5715328980004415,4.930382821010426,162,217,c391937679efc9df7c2671a9dd834d6545e3ad09e72ece8855d3ea2b60abe441,ab6948db61f8e677b42e918813cd1849d687ff0e4fdff5abe490b44bce01121e
pr1107-incremental-screen-iq3s,01-candidate,1,candidate,measurement,0,33668,32768,900,900,32768,256,2158.7,3692.0,2.1848935650195926,5.85925751097966,164,221,87899534d7ae72d61b54e450074b069692435dda3215aed59d48affc8fe78cad,c344149ac88fadbdb60d66969cc95e5beff6a355850648a76a6cee65e533ee15
pr1107-incremental-screen-iq3s,01-candidate,1,candidate,measurement,0,34816,32768,2048,2048,32768,256,4045.5,3419.7,4.071690946002491,7.473870082991198,163,200,4a4ddca0e9a93b421c964670ceb563de4e500088dcca9e90f1d0612952781e9c,fe0941b3d797922514af6835237886e1cff91ba97b36806574fd768f8011c977
pr1107-incremental-screen-iq3s,01-candidate,1,candidate,measurement,0,36864,32768,4096,4096,32768,256,6608.9,3153.7,6.635497759911232,9.771497539011762,176,198,d33c2fcc7dbf3fa4c69c801b412410e0e675e440fd584aee01a392fd0f59a8e6,0fc8dbd57913747cf2bd96fa7a8a1ef6e856d848999f55914cd605b354cf8dac
pr1107-incremental-screen-iq3s,01-baseline,1,baseline,shape_warmup,-1,33024,32768,256,256,32768,256,863.4,3439.7,0.8891120200278237,4.310759913991205,158,221,651cc0c1b93274d61a13f17eac19f6e02aa0ef237480a43fc0a66f6bdaab4d60,240ae9c8578c33d88438ffc01d5707f8cad2ce6a254f847f34e8a558e13f56f6
pr1107-incremental-screen-iq3s,01-baseline,1,baseline,shape_warmup,-1,33280,32768,512,512,32768,256,1834.7,3368.9,1.8613846020307392,5.212551012053154,162,217,c391937679efc9df7c2671a9dd834d6545e3ad09e72ece8855d3ea2b60abe441,ab6948db61f8e677b42e918813cd1849d687ff0e4fdff5abe490b44bce01121e
pr1107-incremental-screen-iq3s,01-baseline,1,baseline,shape_warmup,-1,33668,32768,900,900,32768,256,1942.2,3544.2,1.9683913809712976,5.494671123917215,164,221,87899534d7ae72d61b54e450074b069692435dda3215aed59d48affc8fe78cad,c344149ac88fadbdb60d66969cc95e5beff6a355850648a76a6cee65e533ee15
pr1107-incremental-screen-iq3s,01-baseline,1,baseline,shape_warmup,-1,34816,32768,2048,2048,32768,256,4018.6,3405.8,4.04460109595675,7.432941967970692,163,200,4a4ddca0e9a93b421c964670ceb563de4e500088dcca9e90f1d0612952781e9c,fe0941b3d797922514af6835237886e1cff91ba97b36806574fd768f8011c977
pr1107-incremental-screen-iq3s,01-baseline,1,baseline,shape_warmup,-1,36864,32768,4096,4096,32768,256,6589.8,3148.4,6.616475970949978,9.747193754999898,176,198,d33c2fcc7dbf3fa4c69c801b412410e0e675e440fd584aee01a392fd0f59a8e6,0fc8dbd57913747cf2bd96fa7a8a1ef6e856d848999f55914cd605b354cf8dac
pr1107-incremental-screen-iq3s,01-baseline,1,baseline,measurement,0,33024,32768,256,256,32768,256,1302.9,3321.1,1.3285187591100112,4.6319056081119925,158,221,651cc0c1b93274d61a13f17eac19f6e02aa0ef237480a43fc0a66f6bdaab4d60,240ae9c8578c33d88438ffc01d5707f8cad2ce6a254f847f34e8a558e13f56f6
pr1107-incremental-screen-iq3s,01-baseline,1,baseline,measurement,0,33280,32768,512,512,32768,256,1849.2,3269.4,1.8748386079678312,5.126718432991765,162,217,c391937679efc9df7c2671a9dd834d6545e3ad09e72ece8855d3ea2b60abe441,ab6948db61f8e677b42e918813cd1849d687ff0e4fdff5abe490b44bce01121e
pr1107-incremental-screen-iq3s,01-baseline,1,baseline,measurement,0,33668,32768,900,900,32768,256,2516.9,3541.4,2.5427697050618008,6.066629140055738,164,221,87899534d7ae72d61b54e450074b069692435dda3215aed59d48affc8fe78cad,c344149ac88fadbdb60d66969cc95e5beff6a355850648a76a6cee65e533ee15
pr1107-incremental-screen-iq3s,01-baseline,1,baseline,measurement,0,34816,32768,2048,2048,32768,256,4013.3,3405.0,4.039360400987789,7.4268049779348075,163,200,4a4ddca0e9a93b421c964670ceb563de4e500088dcca9e90f1d0612952781e9c,fe0941b3d797922514af6835237886e1cff91ba97b36806574fd768f8011c977
pr1107-incremental-screen-iq3s,01-baseline,1,baseline,measurement,0,36864,32768,4096,4096,32768,256,6353.9,3146.5,6.3804705089423805,9.509615381015465,176,198,d33c2fcc7dbf3fa4c69c801b412410e0e675e440fd584aee01a392fd0f59a8e6,0fc8dbd57913747cf2bd96fa7a8a1ef6e856d848999f55914cd605b354cf8dac
pr1107-incremental-confirm-iq3s,00-baseline,0,baseline,shape_warmup,-1,33024,32768,256,256,32768,256,1302.2,3444.2,1.328450549975969,4.754532621940598,158,221,651cc0c1b93274d61a13f17eac19f6e02aa0ef237480a43fc0a66f6bdaab4d60,240ae9c8578c33d88438ffc01d5707f8cad2ce6a254f847f34e8a558e13f56f6
pr1107-incremental-confirm-iq3s,00-baseline,0,baseline,shape_warmup,-1,33280,32768,512,512,32768,256,1833.0,3371.3,1.8591504329815507,5.212289693998173,162,217,c391937679efc9df7c2671a9dd834d6545e3ad09e72ece8855d3ea2b60abe441,ab6948db61f8e677b42e918813cd1849d687ff0e4fdff5abe490b44bce01121e
pr1107-incremental-confirm-iq3s,00-baseline,0,baseline,shape_warmup,-1,33668,32768,900,900,32768,256,2507.1,3681.4,2.533500418998301,6.197148086037487,164,221,87899534d7ae72d61b54e450074b069692435dda3215aed59d48affc8fe78cad,c344149ac88fadbdb60d66969cc95e5beff6a355850648a76a6cee65e533ee15
pr1107-incremental-confirm-iq3s,00-baseline,0,baseline,shape_warmup,-1,34816,32768,2048,2048,32768,256,4007.8,3536.3,4.034236734965816,7.552770616021007,163,200,4a4ddca0e9a93b421c964670ceb563de4e500088dcca9e90f1d0612952781e9c,fe0941b3d797922514af6835237886e1cff91ba97b36806574fd768f8011c977
pr1107-incremental-confirm-iq3s,00-baseline,0,baseline,shape_warmup,-1,36864,32768,4096,4096,32768,256,6193.2,3285.9,6.22047878394369,9.48818979295902,176,198,d33c2fcc7dbf3fa4c69c801b412410e0e675e440fd584aee01a392fd0f59a8e6,0fc8dbd57913747cf2bd96fa7a8a1ef6e856d848999f55914cd605b354cf8dac
pr1107-incremental-confirm-iq3s,00-baseline,0,baseline,measurement,0,33024,32768,256,256,32768,256,1301.4,3421.0,1.3273924350505695,4.730582545977086,158,221,651cc0c1b93274d61a13f17eac19f6e02aa0ef237480a43fc0a66f6bdaab4d60,240ae9c8578c33d88438ffc01d5707f8cad2ce6a254f847f34e8a558e13f56f6
pr1107-incremental-confirm-iq3s,00-baseline,0,baseline,measurement,0,33280,32768,512,512,32768,256,1842.2,3386.1,1.8682142490288243,5.236618077033199,162,217,c391937679efc9df7c2671a9dd834d6545e3ad09e72ece8855d3ea2b60abe441,ab6948db61f8e677b42e918813cd1849d687ff0e4fdff5abe490b44bce01121e
pr1107-incremental-confirm-iq3s,00-baseline,0,baseline,measurement,0,33668,32768,900,900,32768,256,2514.4,3681.1,2.5406062859110534,6.203848623903468,164,221,87899534d7ae72d61b54e450074b069692435dda3215aed59d48affc8fe78cad,c344149ac88fadbdb60d66969cc95e5beff6a355850648a76a6cee65e533ee15
pr1107-incremental-confirm-iq3s,00-baseline,0,baseline,measurement,0,34816,32768,2048,2048,32768,256,4018.5,3540.9,4.045014533912763,7.568208931945264,163,200,4a4ddca0e9a93b421c964670ceb563de4e500088dcca9e90f1d0612952781e9c,fe0941b3d797922514af6835237886e1cff91ba97b36806574fd768f8011c977
pr1107-incremental-confirm-iq3s,00-baseline,0,baseline,measurement,0,36864,32768,4096,4096,32768,256,6592.8,3286.2,6.619905594969168,9.887927592964843,176,198,d33c2fcc7dbf3fa4c69c801b412410e0e675e440fd584aee01a392fd0f59a8e6,0fc8dbd57913747cf2bd96fa7a8a1ef6e856d848999f55914cd605b354cf8dac
pr1107-incremental-confirm-iq3s,00-candidate,0,candidate,shape_warmup,-1,33024,32768,256,256,32768,256,1075.6,3448.5,1.1018229430774227,4.532714652013965,158,221,651cc0c1b93274d61a13f17eac19f6e02aa0ef237480a43fc0a66f6bdaab4d60,240ae9c8578c33d88438ffc01d5707f8cad2ce6a254f847f34e8a558e13f56f6
pr1107-incremental-confirm-iq3s,00-candidate,0,candidate,shape_warmup,-1,33280,32768,512,512,32768,256,1545.2,3374.4,1.5714282479602844,4.927862562937662,162,217,c391937679efc9df7c2671a9dd834d6545e3ad09e72ece8855d3ea2b60abe441,ab6948db61f8e677b42e918813cd1849d687ff0e4fdff5abe490b44bce01121e
pr1107-incremental-confirm-iq3s,00-candidate,0,candidate,shape_warmup,-1,33668,32768,900,900,32768,256,2161.0,3683.0,2.187106554978527,5.851831296924502,164,221,87899534d7ae72d61b54e450074b069692435dda3215aed59d48affc8fe78cad,c344149ac88fadbdb60d66969cc95e5beff6a355850648a76a6cee65e533ee15
pr1107-incremental-confirm-iq3s,00-candidate,0,candidate,shape_warmup,-1,34816,32768,2048,2048,32768,256,4029.7,3416.8,4.055003565968946,7.454177406965755,163,200,4a4ddca0e9a93b421c964670ceb563de4e500088dcca9e90f1d0612952781e9c,fe0941b3d797922514af6835237886e1cff91ba97b36806574fd768f8011c977
pr1107-incremental-confirm-iq3s,00-candidate,0,candidate,shape_warmup,-1,36864,32768,4096,4096,32768,256,6433.0,3163.2,6.45909856306389,9.604512427002192,176,198,d33c2fcc7dbf3fa4c69c801b412410e0e675e440fd584aee01a392fd0f59a8e6,0fc8dbd57913747cf2bd96fa7a8a1ef6e856d848999f55914cd605b354cf8dac
pr1107-incremental-confirm-iq3s,00-candidate,0,candidate,measurement,0,33024,32768,256,256,32768,256,1083.6,3329.7,1.1094503860222176,4.421608583070338,158,221,651cc0c1b93274d61a13f17eac19f6e02aa0ef237480a43fc0a66f6bdaab4d60,240ae9c8578c33d88438ffc01d5707f8cad2ce6a254f847f34e8a558e13f56f6
pr1107-incremental-confirm-iq3s,00-candidate,0,candidate,measurement,0,33280,32768,512,512,32768,256,1560.9,3299.5,1.5866058260435238,4.86872637597844,162,217,c391937679efc9df7c2671a9dd834d6545e3ad09e72ece8855d3ea2b60abe441,ab6948db61f8e677b42e918813cd1849d687ff0e4fdff5abe490b44bce01121e
pr1107-incremental-confirm-iq3s,00-candidate,0,candidate,measurement,0,33668,32768,900,900,32768,256,2171.9,3556.5,2.1978277530288324,5.736840775934979,164,221,87899534d7ae72d61b54e450074b069692435dda3215aed59d48affc8fe78cad,c344149ac88fadbdb60d66969cc95e5beff6a355850648a76a6cee65e533ee15
pr1107-incremental-confirm-iq3s,00-candidate,0,candidate,measurement,0,34816,32768,2048,2048,32768,256,4040.6,3417.3,4.066755970008671,7.466738747083582,163,200,4a4ddca0e9a93b421c964670ceb563de4e500088dcca9e90f1d0612952781e9c,fe0941b3d797922514af6835237886e1cff91ba97b36806574fd768f8011c977
pr1107-incremental-confirm-iq3s,00-candidate,0,candidate,measurement,0,36864,32768,4096,4096,32768,256,6613.3,3157.5,6.640029037953354,9.780059497919865,176,198,d33c2fcc7dbf3fa4c69c801b412410e0e675e440fd584aee01a392fd0f59a8e6,0fc8dbd57913747cf2bd96fa7a8a1ef6e856d848999f55914cd605b354cf8dac
pr1107-incremental-confirm-iq3s,01-candidate,1,candidate,shape_warmup,-1,33024,32768,256,256,32768,256,848.1,3441.7,0.8743439799873158,4.298046584008262,158,221,651cc0c1b93274d61a13f17eac19f6e02aa0ef237480a43fc0a66f6bdaab4d60,240ae9c8578c33d88438ffc01d5707f8cad2ce6a254f847f34e8a558e13f56f6
pr1107-incremental-confirm-iq3s,01-candidate,1,candidate,shape_warmup,-1,33280,32768,512,512,32768,256,1538.2,3365.5,1.5636435649357736,4.911482841009274,162,217,c391937679efc9df7c2671a9dd834d6545e3ad09e72ece8855d3ea2b60abe441,ab6948db61f8e677b42e918813cd1849d687ff0e4fdff5abe490b44bce01121e
pr1107-incremental-confirm-iq3s,01-candidate,1,candidate,shape_warmup,-1,33668,32768,900,900,32768,256,2148.5,3671.0,2.174831493990496,5.827976900036447,164,221,87899534d7ae72d61b54e450074b069692435dda3215aed59d48affc8fe78cad,c344149ac88fadbdb60d66969cc95e5beff6a355850648a76a6cee65e533ee15
pr1107-incremental-confirm-iq3s,01-candidate,1,candidate,shape_warmup,-1,34816,32768,2048,2048,32768,256,4026.1,3528.5,4.05248800793197,7.56316275591962,163,200,4a4ddca0e9a93b421c964670ceb563de4e500088dcca9e90f1d0612952781e9c,fe0941b3d797922514af6835237886e1cff91ba97b36806574fd768f8011c977
pr1107-incremental-confirm-iq3s,01-candidate,1,candidate,shape_warmup,-1,36864,32768,4096,4096,32768,256,6602.3,3282.3,6.629354799049906,9.8937875040574,176,198,d33c2fcc7dbf3fa4c69c801b412410e0e675e440fd584aee01a392fd0f59a8e6,0fc8dbd57913747cf2bd96fa7a8a1ef6e856d848999f55914cd605b354cf8dac
pr1107-incremental-confirm-iq3s,01-candidate,1,candidate,measurement,0,33024,32768,256,256,32768,256,852.0,3420.5,0.8781967820832506,4.280632458045147,158,221,651cc0c1b93274d61a13f17eac19f6e02aa0ef237480a43fc0a66f6bdaab4d60,240ae9c8578c33d88438ffc01d5707f8cad2ce6a254f847f34e8a558e13f56f6
pr1107-incremental-confirm-iq3s,01-candidate,1,candidate,measurement,0,33280,32768,512,512,32768,256,1540.2,3383.4,1.5661899240221828,4.931849635089748,162,217,c391937679efc9df7c2671a9dd834d6545e3ad09e72ece8855d3ea2b60abe441,ab6948db61f8e677b42e918813cd1849d687ff0e4fdff5abe490b44bce01121e
pr1107-incremental-confirm-iq3s,01-candidate,1,candidate,measurement,0,33668,32768,900,900,32768,256,2157.9,3668.8,2.184087398927659,5.83512913598679,164,221,87899534d7ae72d61b54e450074b069692435dda3215aed59d48affc8fe78cad,c344149ac88fadbdb60d66969cc95e5beff6a355850648a76a6cee65e533ee15
pr1107-incremental-confirm-iq3s,01-candidate,1,candidate,measurement,0,34816,32768,2048,2048,32768,256,4031.4,3417.7,4.057386753964238,7.457752968999557,163,200,4a4ddca0e9a93b421c964670ceb563de4e500088dcca9e90f1d0612952781e9c,fe0941b3d797922514af6835237886e1cff91ba97b36806574fd768f8011c977
pr1107-incremental-confirm-iq3s,01-candidate,1,candidate,measurement,0,36864,32768,4096,4096,32768,256,6613.5,3160.1,6.640053058974445,9.782560996012762,176,198,d33c2fcc7dbf3fa4c69c801b412410e0e675e440fd584aee01a392fd0f59a8e6,0fc8dbd57913747cf2bd96fa7a8a1ef6e856d848999f55914cd605b354cf8dac
pr1107-incremental-confirm-iq3s,01-baseline,1,baseline,shape_warmup,-1,33024,32768,256,256,32768,256,1305.3,3441.5,1.3316595250507817,4.755192069103941,158,221,651cc0c1b93274d61a13f17eac19f6e02aa0ef237480a43fc0a66f6bdaab4d60,240ae9c8578c33d88438ffc01d5707f8cad2ce6a254f847f34e8a558e13f56f6
pr1107-incremental-confirm-iq3s,01-baseline,1,baseline,shape_warmup,-1,33280,32768,512,512,32768,256,1836.5,3375.8,1.8628237349912524,5.220912622986361,162,217,c391937679efc9df7c2671a9dd834d6545e3ad09e72ece8855d3ea2b60abe441,ab6948db61f8e677b42e918813cd1849d687ff0e4fdff5abe490b44bce01121e
pr1107-incremental-confirm-iq3s,01-baseline,1,baseline,shape_warmup,-1,33668,32768,900,900,32768,256,2458.1,3685.7,2.484475523000583,6.1524082199903205,164,221,87899534d7ae72d61b54e450074b069692435dda3215aed59d48affc8fe78cad,c344149ac88fadbdb60d66969cc95e5beff6a355850648a76a6cee65e533ee15
pr1107-incremental-confirm-iq3s,01-baseline,1,baseline,shape_warmup,-1,34816,32768,2048,2048,32768,256,4017.7,3541.5,4.044399006990716,7.568172122002579,163,200,4a4ddca0e9a93b421c964670ceb563de4e500088dcca9e90f1d0612952781e9c,fe0941b3d797922514af6835237886e1cff91ba97b36806574fd768f8011c977
pr1107-incremental-confirm-iq3s,01-baseline,1,baseline,shape_warmup,-1,36864,32768,4096,4096,32768,256,6594.8,3292.5,6.622129903989844,9.896695220959373,176,198,d33c2fcc7dbf3fa4c69c801b412410e0e675e440fd584aee01a392fd0f59a8e6,0fc8dbd57913747cf2bd96fa7a8a1ef6e856d848999f55914cd605b354cf8dac
pr1107-incremental-confirm-iq3s,01-baseline,1,baseline,measurement,0,33024,32768,256,256,32768,256,1302.4,3420.6,1.3286539890104905,4.7314563520485535,158,221,651cc0c1b93274d61a13f17eac19f6e02aa0ef237480a43fc0a66f6bdaab4d60,240ae9c8578c33d88438ffc01d5707f8cad2ce6a254f847f34e8a558e13f56f6
pr1107-incremental-confirm-iq3s,01-baseline,1,baseline,measurement,0,33280,32768,512,512,32768,256,1844.3,3374.4,1.8707054080441594,5.227308392059058,162,217,c391937679efc9df7c2671a9dd834d6545e3ad09e72ece8855d3ea2b60abe441,ab6948db61f8e677b42e918813cd1849d687ff0e4fdff5abe490b44bce01121e
pr1107-incremental-confirm-iq3s,01-baseline,1,baseline,measurement,0,33668,32768,900,900,32768,256,2521.4,3686.3,2.547763681039214,6.216215734020807,164,221,87899534d7ae72d61b54e450074b069692435dda3215aed59d48affc8fe78cad,c344149ac88fadbdb60d66969cc95e5beff6a355850648a76a6cee65e533ee15
pr1107-incremental-confirm-iq3s,01-baseline,1,baseline,measurement,0,34816,32768,2048,2048,32768,256,4023.7,3540.9,4.050212727976032,7.573148017982021,163,200,4a4ddca0e9a93b421c964670ceb563de4e500088dcca9e90f1d0612952781e9c,fe0941b3d797922514af6835237886e1cff91ba97b36806574fd768f8011c977
pr1107-incremental-confirm-iq3s,01-baseline,1,baseline,measurement,0,36864,32768,4096,4096,32768,256,6600.5,3292.2,6.627776077017188,9.901709316996858,176,198,d33c2fcc7dbf3fa4c69c801b412410e0e675e440fd584aee01a392fd0f59a8e6,0fc8dbd57913747cf2bd96fa7a8a1ef6e856d848999f55914cd605b354cf8dac
pr1107-incremental-confirm-iq3s,02-baseline,2,baseline,shape_warmup,-1,33024,32768,256,256,32768,256,865.4,3470.6,0.8916761570144445,4.344316653092392,158,221,651cc0c1b93274d61a13f17eac19f6e02aa0ef237480a43fc0a66f6bdaab4d60,240ae9c8578c33d88438ffc01d5707f8cad2ce6a254f847f34e8a558e13f56f6
pr1107-incremental-confirm-iq3s,02-baseline,2,baseline,shape_warmup,-1,33280,32768,512,512,32768,256,1841.6,3381.0,1.8676513619720936,5.23086422495544,162,217,c391937679efc9df7c2671a9dd834d6545e3ad09e72ece8855d3ea2b60abe441,ab6948db61f8e677b42e918813cd1849d687ff0e4fdff5abe490b44bce01121e
pr1107-incremental-confirm-iq3s,02-baseline,2,baseline,shape_warmup,-1,33668,32768,900,900,32768,256,2519.2,3691.5,2.5454360019648448,6.218838191940449,164,221,87899534d7ae72d61b54e450074b069692435dda3215aed59d48affc8fe78cad,c344149ac88fadbdb60d66969cc95e5beff6a355850648a76a6cee65e533ee15
pr1107-incremental-confirm-iq3s,02-baseline,2,baseline,shape_warmup,-1,34816,32768,2048,2048,32768,256,4029.2,3546.0,4.055750272003934,7.583626477979124,163,200,4a4ddca0e9a93b421c964670ceb563de4e500088dcca9e90f1d0612952781e9c,fe0941b3d797922514af6835237886e1cff91ba97b36806574fd768f8011c977
pr1107-incremental-confirm-iq3s,02-baseline,2,baseline,shape_warmup,-1,36864,32768,4096,4096,32768,256,6593.0,3298.6,6.620110234012827,9.90056173200719,176,198,d33c2fcc7dbf3fa4c69c801b412410e0e675e440fd584aee01a392fd0f59a8e6,0fc8dbd57913747cf2bd96fa7a8a1ef6e856d848999f55914cd605b354cf8dac
pr1107-incremental-confirm-iq3s,02-baseline,2,baseline,measurement,0,33024,32768,256,256,32768,256,868.1,3431.5,0.8940593459410593,4.307752207969315,158,221,651cc0c1b93274d61a13f17eac19f6e02aa0ef237480a43fc0a66f6bdaab4d60,240ae9c8578c33d88438ffc01d5707f8cad2ce6a254f847f34e8a558e13f56f6
pr1107-incremental-confirm-iq3s,02-baseline,2,baseline,measurement,0,33280,32768,512,512,32768,256,1839.5,3378.4,1.865521601983346,5.22626438701991,162,217,c391937679efc9df7c2671a9dd834d6545e3ad09e72ece8855d3ea2b60abe441,ab6948db61f8e677b42e918813cd1849d687ff0e4fdff5abe490b44bce01121e
pr1107-incremental-confirm-iq3s,02-baseline,2,baseline,measurement,0,33668,32768,900,900,32768,256,2519.8,3696.7,2.546288647921756,6.225372119923122,164,221,87899534d7ae72d61b54e450074b069692435dda3215aed59d48affc8fe78cad,c344149ac88fadbdb60d66969cc95e5beff6a355850648a76a6cee65e533ee15
pr1107-incremental-confirm-iq3s,02-baseline,2,baseline,measurement,0,34816,32768,2048,2048,32768,256,4029.5,3544.7,4.055906301015057,7.582645411952399,163,200,4a4ddca0e9a93b421c964670ceb563de4e500088dcca9e90f1d0612952781e9c,fe0941b3d797922514af6835237886e1cff91ba97b36806574fd768f8011c977
pr1107-incremental-confirm-iq3s,02-baseline,2,baseline,measurement,0,36864,32768,4096,4096,32768,256,6597.8,3297.9,6.624831241089851,9.904552093008533,176,198,d33c2fcc7dbf3fa4c69c801b412410e0e675e440fd584aee01a392fd0f59a8e6,0fc8dbd57913747cf2bd96fa7a8a1ef6e856d848999f55914cd605b354cf8dac
pr1107-incremental-confirm-iq3s,02-candidate,2,candidate,shape_warmup,-1,33024,32768,256,256,32768,256,1073.8,3442.5,1.099843442090787,4.524665771052241,158,221,651cc0c1b93274d61a13f17eac19f6e02aa0ef237480a43fc0a66f6bdaab4d60,240ae9c8578c33d88438ffc01d5707f8cad2ce6a254f847f34e8a558e13f56f6
pr1107-incremental-confirm-iq3s,02-candidate,2,candidate,shape_warmup,-1,33280,32768,512,512,32768,256,1539.0,3361.9,1.5650027190567926,4.909173181978986,162,217,c391937679efc9df7c2671a9dd834d6545e3ad09e72ece8855d3ea2b60abe441,ab6948db61f8e677b42e918813cd1849d687ff0e4fdff5abe490b44bce01121e
pr1107-incremental-confirm-iq3s,02-candidate,2,candidate,shape_warmup,-1,33668,32768,900,900,32768,256,2151.1,3670.2,2.177296861074865,5.829615302034654,164,221,87899534d7ae72d61b54e450074b069692435dda3215aed59d48affc8fe78cad,c344149ac88fadbdb60d66969cc95e5beff6a355850648a76a6cee65e533ee15
pr1107-incremental-confirm-iq3s,02-candidate,2,candidate,shape_warmup,-1,34816,32768,2048,2048,32768,256,4023.2,3528.8,4.049369093030691,7.5604488080134615,163,200,4a4ddca0e9a93b421c964670ceb563de4e500088dcca9e90f1d0612952781e9c,fe0941b3d797922514af6835237886e1cff91ba97b36806574fd768f8011c977
pr1107-incremental-confirm-iq3s,02-candidate,2,candidate,shape_warmup,-1,36864,32768,4096,4096,32768,256,6600.3,3276.0,6.62728298001457,9.885514165041968,176,198,d33c2fcc7dbf3fa4c69c801b412410e0e675e440fd584aee01a392fd0f59a8e6,0fc8dbd57913747cf2bd96fa7a8a1ef6e856d848999f55914cd605b354cf8dac
pr1107-incremental-confirm-iq3s,02-candidate,2,candidate,measurement,0,33024,32768,256,256,32768,256,1081.9,3322.0,1.1074373859446496,4.411769879981875,158,221,651cc0c1b93274d61a13f17eac19f6e02aa0ef237480a43fc0a66f6bdaab4d60,240ae9c8578c33d88438ffc01d5707f8cad2ce6a254f847f34e8a558e13f56f6
pr1107-incremental-confirm-iq3s,02-candidate,2,candidate,measurement,0,33280,32768,512,512,32768,256,1362.5,3283.1,1.3883040429791436,4.653943822020665,162,217,c391937679efc9df7c2671a9dd834d6545e3ad09e72ece8855d3ea2b60abe441,ab6948db61f8e677b42e918813cd1849d687ff0e4fdff5abe490b44bce01121e
pr1107-incremental-confirm-iq3s,02-candidate,2,candidate,measurement,0,33668,32768,900,900,32768,256,2168.6,3548.0,2.1945048400666565,5.724973613047041,164,221,87899534d7ae72d61b54e450074b069692435dda3215aed59d48affc8fe78cad,c344149ac88fadbdb60d66969cc95e5beff6a355850648a76a6cee65e533ee15
pr1107-incremental-confirm-iq3s,02-candidate,2,candidate,measurement,0,34816,32768,2048,2048,32768,256,4034.1,3412.6,4.060274090967141,7.455327991046943,163,200,4a4ddca0e9a93b421c964670ceb563de4e500088dcca9e90f1d0612952781e9c,fe0941b3d797922514af6835237886e1cff91ba97b36806574fd768f8011c977
pr1107-incremental-confirm-iq3s,02-candidate,2,candidate,measurement,0,36864,32768,4096,4096,32768,256,6622.2,3154.6,6.6486958069726825,9.785626571974717,176,198,d33c2fcc7dbf3fa4c69c801b412410e0e675e440fd584aee01a392fd0f59a8e6,0fc8dbd57913747cf2bd96fa7a8a1ef6e856d848999f55914cd605b354cf8dac
pr1107-incremental-screen-iq2xs,00-baseline,0,baseline,shape_warmup,-1,33024,32768,256,256,32768,256,888.9,3565.6,0.9133185939863324,4.4627757869893685,166,208,651cc0c1b93274d61a13f17eac19f6e02aa0ef237480a43fc0a66f6bdaab4d60,5c66470eae1910822a106ac627f5293332367525d9cdc4216aa5505ec783b690
pr1107-incremental-screen-iq2xs,00-baseline,0,baseline,shape_warmup,-1,33280,32768,512,512,32768,256,1912.1,3426.2,1.936351494048722,5.346650022082031,174,207,c391937679efc9df7c2671a9dd834d6545e3ad09e72ece8855d3ea2b60abe441,ccd90eef28dddfe88d71b44dd42b548243b39e1d5c170f7343f66f0d61a0e6d0
pr1107-incremental-screen-iq2xs,00-baseline,0,baseline,shape_warmup,-1,33668,32768,900,900,32768,256,2595.3,3386.1,2.6199924160027876,5.99008906504605,169,208,87899534d7ae72d61b54e450074b069692435dda3215aed59d48affc8fe78cad,472effc61693f2be0dbcc22c0c28c96769c45eadac916ef0f609e392f12e4d41
pr1107-incremental-screen-iq2xs,00-baseline,0,baseline,shape_warmup,-1,34816,32768,2048,2048,32768,256,4157.8,3413.3,4.182552305981517,7.579778245999478,159,198,4a4ddca0e9a93b421c964670ceb563de4e500088dcca9e90f1d0612952781e9c,0576fbe5b9160bcc95ca4cdcf755b15d345c0d5d9f95d45fffa0671d5299b240
pr1107-incremental-screen-iq2xs,00-baseline,0,baseline,shape_warmup,-1,36864,32768,4096,4096,32768,256,6790.1,3293.2,6.815220681019127,10.09254853404127,161,193,d33c2fcc7dbf3fa4c69c801b412410e0e675e440fd584aee01a392fd0f59a8e6,285c7e881741461852451c98f97b24799f1102daab977a7699ad5713ba072bcc
pr1107-incremental-screen-iq2xs,00-baseline,0,baseline,measurement,0,33024,32768,256,256,32768,256,1372.8,3549.2,1.3969649520004168,4.92995309305843,166,208,651cc0c1b93274d61a13f17eac19f6e02aa0ef237480a43fc0a66f6bdaab4d60,5c66470eae1910822a106ac627f5293332367525d9cdc4216aa5505ec783b690
pr1107-incremental-screen-iq2xs,00-baseline,0,baseline,measurement,0,33280,32768,512,512,32768,256,1915.7,3427.7,1.9399598670424893,5.351534478017129,174,207,c391937679efc9df7c2671a9dd834d6545e3ad09e72ece8855d3ea2b60abe441,ccd90eef28dddfe88d71b44dd42b548243b39e1d5c170f7343f66f0d61a0e6d0
pr1107-incremental-screen-iq2xs,00-baseline,0,baseline,measurement,0,33668,32768,900,900,32768,256,2604.5,3394.0,2.6289634819841012,6.006633485900238,169,208,87899534d7ae72d61b54e450074b069692435dda3215aed59d48affc8fe78cad,472effc61693f2be0dbcc22c0c28c96769c45eadac916ef0f609e392f12e4d41
pr1107-incremental-screen-iq2xs,00-baseline,0,baseline,measurement,0,34816,32768,2048,2048,32768,256,4171.3,3414.7,4.195973071968183,7.594621545053087,159,198,4a4ddca0e9a93b421c964670ceb563de4e500088dcca9e90f1d0612952781e9c,0576fbe5b9160bcc95ca4cdcf755b15d345c0d5d9f95d45fffa0671d5299b240
pr1107-incremental-screen-iq2xs,00-baseline,0,baseline,measurement,0,36864,32768,4096,4096,32768,256,6820.5,3290.2,6.845681285019964,10.119825653964654,161,193,d33c2fcc7dbf3fa4c69c801b412410e0e675e440fd584aee01a392fd0f59a8e6,285c7e881741461852451c98f97b24799f1102daab977a7699ad5713ba072bcc
pr1107-incremental-screen-iq2xs,00-candidate,0,candidate,shape_warmup,-1,33024,32768,256,256,32768,256,867.5,3573.8,0.8918271770235151,4.449334030970931,166,208,651cc0c1b93274d61a13f17eac19f6e02aa0ef237480a43fc0a66f6bdaab4d60,5c66470eae1910822a106ac627f5293332367525d9cdc4216aa5505ec783b690
pr1107-incremental-screen-iq2xs,00-candidate,0,candidate,shape_warmup,-1,33280,32768,512,512,32768,256,1607.3,3427.5,1.631650389987044,5.042899933992885,174,207,c391937679efc9df7c2671a9dd834d6545e3ad09e72ece8855d3ea2b60abe441,ccd90eef28dddfe88d71b44dd42b548243b39e1d5c170f7343f66f0d61a0e6d0
pr1107-incremental-screen-iq2xs,00-candidate,0,candidate,shape_warmup,-1,33668,32768,900,900,32768,256,2224.6,3383.8,2.2489048399729654,5.616449052002281,169,208,87899534d7ae72d61b54e450074b069692435dda3215aed59d48affc8fe78cad,472effc61693f2be0dbcc22c0c28c96769c45eadac916ef0f609e392f12e4d41
pr1107-incremental-screen-iq2xs,00-candidate,0,candidate,shape_warmup,-1,34816,32768,2048,2048,32768,256,4189.9,3414.8,4.2156433570198715,7.6143840700387955,159,198,4a4ddca0e9a93b421c964670ceb563de4e500088dcca9e90f1d0612952781e9c,0576fbe5b9160bcc95ca4cdcf755b15d345c0d5d9f95d45fffa0671d5299b240
pr1107-incremental-screen-iq2xs,00-candidate,0,candidate,shape_warmup,-1,36864,32768,4096,4096,32768,256,6812.8,3290.3,6.837783943978138,10.112058161990717,161,193,d33c2fcc7dbf3fa4c69c801b412410e0e675e440fd584aee01a392fd0f59a8e6,285c7e881741461852451c98f97b24799f1102daab977a7699ad5713ba072bcc
pr1107-incremental-screen-iq2xs,00-candidate,0,candidate,measurement,0,33024,32768,256,256,32768,256,867.8,3546.7,0.8918962470488623,4.422432100051083,166,208,651cc0c1b93274d61a13f17eac19f6e02aa0ef237480a43fc0a66f6bdaab4d60,5c66470eae1910822a106ac627f5293332367525d9cdc4216aa5505ec783b690
pr1107-incremental-screen-iq2xs,00-candidate,0,candidate,measurement,0,33280,32768,512,512,32768,256,1608.5,3424.9,1.6328360349871218,5.041664959979244,174,207,c391937679efc9df7c2671a9dd834d6545e3ad09e72ece8855d3ea2b60abe441,ccd90eef28dddfe88d71b44dd42b548243b39e1d5c170f7343f66f0d61a0e6d0
pr1107-incremental-screen-iq2xs,00-candidate,0,candidate,measurement,0,33668,32768,900,900,32768,256,2224.0,3383.6,2.2483595620142296,5.615736084990203,169,208,87899534d7ae72d61b54e450074b069692435dda3215aed59d48affc8fe78cad,472effc61693f2be0dbcc22c0c28c96769c45eadac916ef0f609e392f12e4d41
pr1107-incremental-screen-iq2xs,00-candidate,0,candidate,measurement,0,34816,32768,2048,2048,32768,256,4181.0,3412.2,4.2055995559785515,7.601873300969601,159,198,4a4ddca0e9a93b421c964670ceb563de4e500088dcca9e90f1d0612952781e9c,0576fbe5b9160bcc95ca4cdcf755b15d345c0d5d9f95d45fffa0671d5299b240
pr1107-incremental-screen-iq2xs,00-candidate,0,candidate,measurement,0,36864,32768,4096,4096,32768,256,6819.0,3291.4,6.843949862988666,10.119297635974362,161,193,d33c2fcc7dbf3fa4c69c801b412410e0e675e440fd584aee01a392fd0f59a8e6,285c7e881741461852451c98f97b24799f1102daab977a7699ad5713ba072bcc
pr1107-incremental-screen-iq2xs,01-candidate,1,candidate,shape_warmup,-1,33024,32768,256,256,32768,256,866.9,3573.7,0.891622607014142,4.449522409006022,166,208,651cc0c1b93274d61a13f17eac19f6e02aa0ef237480a43fc0a66f6bdaab4d60,5c66470eae1910822a106ac627f5293332367525d9cdc4216aa5505ec783b690
pr1107-incremental-screen-iq2xs,01-candidate,1,candidate,shape_warmup,-1,33280,32768,512,512,32768,256,1602.7,3432.1,1.6276598289841786,5.0439749479992315,174,207,c391937679efc9df7c2671a9dd834d6545e3ad09e72ece8855d3ea2b60abe441,ccd90eef28dddfe88d71b44dd42b548243b39e1d5c170f7343f66f0d61a0e6d0
pr1107-incremental-screen-iq2xs,01-candidate,1,candidate,shape_warmup,-1,33668,32768,900,900,32768,256,2219.7,3390.4,2.244889278896153,5.619317648001015,169,208,87899534d7ae72d61b54e450074b069692435dda3215aed59d48affc8fe78cad,472effc61693f2be0dbcc22c0c28c96769c45eadac916ef0f609e392f12e4d41
pr1107-incremental-screen-iq2xs,01-candidate,1,candidate,shape_warmup,-1,34816,32768,2048,2048,32768,256,4175.5,3305.0,4.200372230960056,7.489853015984409,159,198,4a4ddca0e9a93b421c964670ceb563de4e500088dcca9e90f1d0612952781e9c,0576fbe5b9160bcc95ca4cdcf755b15d345c0d5d9f95d45fffa0671d5299b240
pr1107-incremental-screen-iq2xs,01-candidate,1,candidate,shape_warmup,-1,36864,32768,4096,4096,32768,256,6837.3,3228.7,6.862764763995074,10.075387635966763,161,193,d33c2fcc7dbf3fa4c69c801b412410e0e675e440fd584aee01a392fd0f59a8e6,285c7e881741461852451c98f97b24799f1102daab977a7699ad5713ba072bcc
pr1107-incremental-screen-iq2xs,01-candidate,1,candidate,measurement,0,33024,32768,256,256,32768,256,1142.3,3400.6,1.1659036669880152,4.550489637069404,166,208,651cc0c1b93274d61a13f17eac19f6e02aa0ef237480a43fc0a66f6bdaab4d60,5c66470eae1910822a106ac627f5293332367525d9cdc4216aa5505ec783b690
pr1107-incremental-screen-iq2xs,01-candidate,1,candidate,measurement,0,33280,32768,512,512,32768,256,1614.2,3317.7,1.6376560219796374,4.939254838973284,174,207,c391937679efc9df7c2671a9dd834d6545e3ad09e72ece8855d3ea2b60abe441,ccd90eef28dddfe88d71b44dd42b548243b39e1d5c170f7343f66f0d61a0e6d0
pr1107-incremental-screen-iq2xs,01-candidate,1,candidate,measurement,0,33668,32768,900,900,32768,256,2232.1,3251.0,2.255828486988321,5.491195450886153,169,208,87899534d7ae72d61b54e450074b069692435dda3215aed59d48affc8fe78cad,472effc61693f2be0dbcc22c0c28c96769c45eadac916ef0f609e392f12e4d41
pr1107-incremental-screen-iq2xs,01-candidate,1,candidate,measurement,0,34816,32768,2048,2048,32768,256,4177.4,3299.3,4.202461100998335,7.486163493944332,159,198,4a4ddca0e9a93b421c964670ceb563de4e500088dcca9e90f1d0612952781e9c,0576fbe5b9160bcc95ca4cdcf755b15d345c0d5d9f95d45fffa0671d5299b240
pr1107-incremental-screen-iq2xs,01-candidate,1,candidate,measurement,0,36864,32768,4096,4096,32768,256,6839.4,3181.0,6.864817323978059,10.030414940905757,161,193,d33c2fcc7dbf3fa4c69c801b412410e0e675e440fd584aee01a392fd0f59a8e6,285c7e881741461852451c98f97b24799f1102daab977a7699ad5713ba072bcc
pr1107-incremental-screen-iq2xs,01-baseline,1,baseline,shape_warmup,-1,33024,32768,256,256,32768,256,1362.8,3547.6,1.3871672389796004,4.918695596978068,166,208,651cc0c1b93274d61a13f17eac19f6e02aa0ef237480a43fc0a66f6bdaab4d60,5c66470eae1910822a106ac627f5293332367525d9cdc4216aa5505ec783b690
pr1107-incremental-screen-iq2xs,01-baseline,1,baseline,shape_warmup,-1,33280,32768,512,512,32768,256,1911.7,3413.6,1.9361491040326655,5.3337477130116895,174,207,c391937679efc9df7c2671a9dd834d6545e3ad09e72ece8855d3ea2b60abe441,ccd90eef28dddfe88d71b44dd42b548243b39e1d5c170f7343f66f0d61a0e6d0
pr1107-incremental-screen-iq2xs,01-baseline,1,baseline,shape_warmup,-1,33668,32768,900,900,32768,256,2592.5,3373.8,2.6169450000161305,5.974634730024263,169,208,87899534d7ae72d61b54e450074b069692435dda3215aed59d48affc8fe78cad,472effc61693f2be0dbcc22c0c28c96769c45eadac916ef0f609e392f12e4d41
pr1107-incremental-screen-iq2xs,01-baseline,1,baseline,shape_warmup,-1,34816,32768,2048,2048,32768,256,4165.6,3405.0,4.190115709905513,7.5791958388872445,159,198,4a4ddca0e9a93b421c964670ceb563de4e500088dcca9e90f1d0612952781e9c,0576fbe5b9160bcc95ca4cdcf755b15d345c0d5d9f95d45fffa0671d5299b240
pr1107-incremental-screen-iq2xs,01-baseline,1,baseline,shape_warmup,-1,36864,32768,4096,4096,32768,256,6781.5,3284.7,6.806315563968383,10.0752430469729,161,193,d33c2fcc7dbf3fa4c69c801b412410e0e675e440fd584aee01a392fd0f59a8e6,285c7e881741461852451c98f97b24799f1102daab977a7699ad5713ba072bcc
pr1107-incremental-screen-iq2xs,01-baseline,1,baseline,measurement,0,33024,32768,256,256,32768,256,894.5,3403.3,0.9184499899856746,4.305818247026764,166,208,651cc0c1b93274d61a13f17eac19f6e02aa0ef237480a43fc0a66f6bdaab4d60,5c66470eae1910822a106ac627f5293332367525d9cdc4216aa5505ec783b690
pr1107-incremental-screen-iq2xs,01-baseline,1,baseline,measurement,0,33280,32768,512,512,32768,256,1939.4,3288.2,1.9633846440119669,5.23567657195963,174,207,c391937679efc9df7c2671a9dd834d6545e3ad09e72ece8855d3ea2b60abe441,ccd90eef28dddfe88d71b44dd42b548243b39e1d5c170f7343f66f0d61a0e6d0
pr1107-incremental-screen-iq2xs,01-baseline,1,baseline,measurement,0,33668,32768,900,900,32768,256,2643.5,3250.9,2.6678803670220077,5.902727953973226,169,208,87899534d7ae72d61b54e450074b069692435dda3215aed59d48affc8fe78cad,472effc61693f2be0dbcc22c0c28c96769c45eadac916ef0f609e392f12e4d41
pr1107-incremental-screen-iq2xs,01-baseline,1,baseline,measurement,0,34816,32768,2048,2048,32768,256,4189.9,3298.4,4.214285225025378,7.4971725209616125,159,198,4a4ddca0e9a93b421c964670ceb563de4e500088dcca9e90f1d0612952781e9c,0576fbe5b9160bcc95ca4cdcf755b15d345c0d5d9f95d45fffa0671d5299b240
pr1107-incremental-screen-iq2xs,01-baseline,1,baseline,measurement,0,36864,32768,4096,4096,32768,256,6833.3,3182.0,6.8578468669438735,10.024409969919361,161,193,d33c2fcc7dbf3fa4c69c801b412410e0e675e440fd584aee01a392fd0f59a8e6,285c7e881741461852451c98f97b24799f1102daab977a7699ad5713ba072bcc
pr1107-fresh-screen-iq3s,00-baseline,0,baseline,short_warmup,,19,,,19,0,21,314.4,473.4,0.35024948604404926,0.7891065980074927,13,20,b618d133ffae8a6618fe3b12e5560bbca7bca5f23ad9246b62661e40a9e7af49,7d9bd063c6848ad9d7419edb7cd167b861adb20ef7bbc4fdd6a22cf795b1ef2d
pr1107-fresh-screen-iq3s,00-baseline,0,baseline,shape_warmup,0,4096,,,4096,0,256,5320.0,3507.9,5.3431130580138415,8.830010370002128,167,211,f3ca79d5a4f971614716d22a39c52e88b3b75d996925689a1a7d96e476613c42,02393f001cd1ae20d7d24f4f951b70ecb759dc2ef862cf6adcb3d6c94da87341
pr1107-fresh-screen-iq3s,00-baseline,0,baseline,shape_warmup,0,32768,,,32768,0,256,44528.0,3760.9,44.556123967980966,48.297624442959204,166,217,f7adb9a9444252d34c2b47a36daf673221f6347412d2f9f4f1813cafcc345b31,35f7db72359ee95835d2222e326daa8aa7db60d71aa7607225dca18addcd5de5
pr1107-fresh-screen-iq3s,00-baseline,0,baseline,shape_warmup,0,131072,,,131072,0,256,189005.0,3976.8,189.05088429700118,193.01263789797667,163,239,d69a6810e612eb55b62962c038afe0393371914a52100c34dac5e9ccce7d5c09,4a169eef6ea6beb1a4184d984b01cf8cc4ef5896a9f656999a0670e6632721c4
pr1107-fresh-screen-iq3s,00-baseline,0,baseline,measurement,0,4096,,,4096,0,256,6056.2,3394.7,6.078963720938191,9.45281087292824,167,211,f3ca79d5a4f971614716d22a39c52e88b3b75d996925689a1a7d96e476613c42,02393f001cd1ae20d7d24f4f951b70ecb759dc2ef862cf6adcb3d6c94da87341
pr1107-fresh-screen-iq3s,00-baseline,0,baseline,measurement,0,32768,,,32768,0,256,50168.9,3591.7,50.196246156003326,53.76880029798485,166,217,f7adb9a9444252d34c2b47a36daf673221f6347412d2f9f4f1813cafcc345b31,35f7db72359ee95835d2222e326daa8aa7db60d71aa7607225dca18addcd5de5
pr1107-fresh-screen-iq3s,00-baseline,0,baseline,measurement,0,131072,,,131072,0,256,210260.7,3818.0,210.30428397993091,214.1076621079119,163,239,d69a6810e612eb55b62962c038afe0393371914a52100c34dac5e9ccce7d5c09,4a169eef6ea6beb1a4184d984b01cf8cc4ef5896a9f656999a0670e6632721c4
pr1107-fresh-screen-iq3s,00-candidate,0,candidate,short_warmup,,19,,,19,0,21,313.7,473.6,0.3504224349744618,0.7886505499482155,13,20,b618d133ffae8a6618fe3b12e5560bbca7bca5f23ad9246b62661e40a9e7af49,7d9bd063c6848ad9d7419edb7cd167b861adb20ef7bbc4fdd6a22cf795b1ef2d
pr1107-fresh-screen-iq3s,00-candidate,0,candidate,shape_warmup,0,4096,,,4096,0,256,5319.9,3504.7,5.343081939034164,8.826863144990057,167,211,f3ca79d5a4f971614716d22a39c52e88b3b75d996925689a1a7d96e476613c42,02393f001cd1ae20d7d24f4f951b70ecb759dc2ef862cf6adcb3d6c94da87341
pr1107-fresh-screen-iq3s,00-candidate,0,candidate,shape_warmup,0,32768,,,32768,0,256,48010.5,3757.5,48.03854388091713,51.77691351994872,166,217,f7adb9a9444252d34c2b47a36daf673221f6347412d2f9f4f1813cafcc345b31,35f7db72359ee95835d2222e326daa8aa7db60d71aa7607225dca18addcd5de5
pr1107-fresh-screen-iq3s,00-candidate,0,candidate,shape_warmup,0,131072,,,131072,0,256,209716.2,3983.5,209.7654455449665,213.73114010796417,163,239,d69a6810e612eb55b62962c038afe0393371914a52100c34dac5e9ccce7d5c09,4a169eef6ea6beb1a4184d984b01cf8cc4ef5896a9f656999a0670e6632721c4
pr1107-fresh-screen-iq3s,00-candidate,0,candidate,measurement,0,4096,,,4096,0,256,6057.3,3514.7,6.0800326550379395,9.574056952958927,167,211,f3ca79d5a4f971614716d22a39c52e88b3b75d996925689a1a7d96e476613c42,02393f001cd1ae20d7d24f4f951b70ecb759dc2ef862cf6adcb3d6c94da87341
pr1107-fresh-screen-iq3s,00-candidate,0,candidate,measurement,0,32768,,,32768,0,256,50057.1,3754.6,50.084462690982036,53.81992361403536,166,217,f7adb9a9444252d34c2b47a36daf673221f6347412d2f9f4f1813cafcc345b31,35f7db72359ee95835d2222e326daa8aa7db60d71aa7607225dca18addcd5de5
pr1107-fresh-screen-iq3s,00-candidate,0,candidate,measurement,0,131072,,,131072,0,256,209719.5,3816.9,209.763861572952,213.56585012795404,163,239,d69a6810e612eb55b62962c038afe0393371914a52100c34dac5e9ccce7d5c09,4a169eef6ea6beb1a4184d984b01cf8cc4ef5896a9f656999a0670e6632721c4
pr1107-fresh-screen-iq3s,01-candidate,1,candidate,short_warmup,,19,,,19,0,21,314.0,473.8,0.3489735620096326,0.788907328969799,13,20,b618d133ffae8a6618fe3b12e5560bbca7bca5f23ad9246b62661e40a9e7af49,7d9bd063c6848ad9d7419edb7cd167b861adb20ef7bbc4fdd6a22cf795b1ef2d
pr1107-fresh-screen-iq3s,01-candidate,1,candidate,shape_warmup,0,4096,,,4096,0,256,5322.4,3501.7,5.345654446049593,8.826402767095715,167,211,f3ca79d5a4f971614716d22a39c52e88b3b75d996925689a1a7d96e476613c42,02393f001cd1ae20d7d24f4f951b70ecb759dc2ef862cf6adcb3d6c94da87341
pr1107-fresh-screen-iq3s,01-candidate,1,candidate,shape_warmup,0,32768,,,32768,0,256,44554.0,3756.9,44.58226035302505,48.31968447705731,166,217,f7adb9a9444252d34c2b47a36daf673221f6347412d2f9f4f1813cafcc345b31,35f7db72359ee95835d2222e326daa8aa7db60d71aa7607225dca18addcd5de5
pr1107-fresh-screen-iq3s,01-candidate,1,candidate,shape_warmup,0,131072,,,131072,0,256,188976.0,3971.9,189.0219352650456,192.97899851901457,163,239,d69a6810e612eb55b62962c038afe0393371914a52100c34dac5e9ccce7d5c09,4a169eef6ea6beb1a4184d984b01cf8cc4ef5896a9f656999a0670e6632721c4
pr1107-fresh-screen-iq3s,01-candidate,1,candidate,measurement,0,4096,,,4096,0,256,5388.6,3509.4,5.411423370940611,8.900040314998478,167,211,f3ca79d5a4f971614716d22a39c52e88b3b75d996925689a1a7d96e476613c42,02393f001cd1ae20d7d24f4f951b70ecb759dc2ef862cf6adcb3d6c94da87341
pr1107-fresh-screen-iq3s,01-candidate,1,candidate,measurement,0,32768,,,32768,0,256,44836.5,3759.6,44.86371325701475,48.60453182505444,166,217,f7adb9a9444252d34c2b47a36daf673221f6347412d2f9f4f1813cafcc345b31,35f7db72359ee95835d2222e326daa8aa7db60d71aa7607225dca18addcd5de5
pr1107-fresh-screen-iq3s,01-candidate,1,candidate,measurement,0,131072,,,131072,0,256,193254.3,3969.9,193.2977561460575,197.25259478006046,163,239,d69a6810e612eb55b62962c038afe0393371914a52100c34dac5e9ccce7d5c09,4a169eef6ea6beb1a4184d984b01cf8cc4ef5896a9f656999a0670e6632721c4
pr1107-fresh-screen-iq3s,01-baseline,1,baseline,short_warmup,,19,,,19,0,21,310.5,469.4,0.3458515669917688,0.781080216052942,13,20,b618d133ffae8a6618fe3b12e5560bbca7bca5f23ad9246b62661e40a9e7af49,7d9bd063c6848ad9d7419edb7cd167b861adb20ef7bbc4fdd6a22cf795b1ef2d
pr1107-fresh-screen-iq3s,01-baseline,1,baseline,shape_warmup,0,4096,,,4096,0,256,5327.9,3348.7,5.351003820076585,8.678605823079124,167,211,f3ca79d5a4f971614716d22a39c52e88b3b75d996925689a1a7d96e476613c42,02393f001cd1ae20d7d24f4f951b70ecb759dc2ef862cf6adcb3d6c94da87341
pr1107-fresh-screen-iq3s,01-baseline,1,baseline,shape_warmup,0,32768,,,32768,0,256,48038.1,3592.5,48.06622887798585,51.639581626979634,166,217,f7adb9a9444252d34c2b47a36daf673221f6347412d2f9f4f1813cafcc345b31,35f7db72359ee95835d2222e326daa8aa7db60d71aa7607225dca18addcd5de5
pr1107-fresh-screen-iq3s,01-baseline,1,baseline,shape_warmup,0,131072,,,131072,0,256,209687.1,3814.5,209.73314460006077,213.53340590302832,163,239,d69a6810e612eb55b62962c038afe0393371914a52100c34dac5e9ccce7d5c09,4a169eef6ea6beb1a4184d984b01cf8cc4ef5896a9f656999a0670e6632721c4
pr1107-fresh-screen-iq3s,01-baseline,1,baseline,measurement,0,4096,,,4096,0,256,6054.6,3355.9,6.0774260479956865,9.41257660498377,167,211,f3ca79d5a4f971614716d22a39c52e88b3b75d996925689a1a7d96e476613c42,02393f001cd1ae20d7d24f4f951b70ecb759dc2ef862cf6adcb3d6c94da87341
pr1107-fresh-screen-iq3s,01-baseline,1,baseline,measurement,0,32768,,,32768,0,256,50055.4,3591.2,50.08277596894186,53.65475940401666,166,217,f7adb9a9444252d34c2b47a36daf673221f6347412d2f9f4f1813cafcc345b31,35f7db72359ee95835d2222e326daa8aa7db60d71aa7607225dca18addcd5de5
pr1107-fresh-screen-iq3s,01-baseline,1,baseline,measurement,0,131072,,,131072,0,256,194211.0,3815.9,194.25516529905144,198.05602202902082,163,239,d69a6810e612eb55b62962c038afe0393371914a52100c34dac5e9ccce7d5c09,4a169eef6ea6beb1a4184d984b01cf8cc4ef5896a9f656999a0670e6632721c4
pr1107-fresh-screen-iq2xs,00-baseline,0,baseline,short_warmup,,19,,,19,0,23,284.0,452.0,0.31536282191518694,0.7370746158994734,15,20,b618d133ffae8a6618fe3b12e5560bbca7bca5f23ad9246b62661e40a9e7af49,f774a2acb8f33843f093b9213bfd3a7ce3fcb337c9287bb8b6b1f7c545492545
pr1107-fresh-screen-iq2xs,00-baseline,0,baseline,shape_warmup,0,4096,,,4096,0,256,5443.3,3650.6,5.464651067042723,9.096027568099089,157,227,f3ca79d5a4f971614716d22a39c52e88b3b75d996925689a1a7d96e476613c42,206a3995c8bff454e5d1e48e7d67e8a1592125809d9a644c8d28ca3d355ac92e
pr1107-fresh-screen-iq2xs,00-baseline,0,baseline,shape_warmup,0,32768,,,32768,0,256,49934.7,3597.6,49.96095635101665,53.541027247090824,163,218,f7adb9a9444252d34c2b47a36daf673221f6347412d2f9f4f1813cafcc345b31,9345bb4c8f1d040aa97d71fa7b6024c78cfa1f25ce670b59e61f8f32614343c7
pr1107-fresh-screen-iq2xs,00-baseline,0,baseline,shape_warmup,0,131072,,,131072,0,256,200133.5,3689.4,200.17721659992822,203.8533543869853,163,223,d69a6810e612eb55b62962c038afe0393371914a52100c34dac5e9ccce7d5c09,e213180b441f70cbd12b252c43949ab080f98a77e527f066134491db28daa612
pr1107-fresh-screen-iq2xs,00-baseline,0,baseline,measurement,0,4096,,,4096,0,256,5528.8,3617.6,5.5496618510223925,9.14823128900025,157,227,f3ca79d5a4f971614716d22a39c52e88b3b75d996925689a1a7d96e476613c42,206a3995c8bff454e5d1e48e7d67e8a1592125809d9a644c8d28ca3d355ac92e
pr1107-fresh-screen-iq2xs,00-baseline,0,baseline,measurement,0,32768,,,32768,0,256,45937.7,3577.1,45.96294509200379,49.522721444955096,163,218,f7adb9a9444252d34c2b47a36daf673221f6347412d2f9f4f1813cafcc345b31,9345bb4c8f1d040aa97d71fa7b6024c78cfa1f25ce670b59e61f8f32614343c7
pr1107-fresh-screen-iq2xs,00-baseline,0,baseline,measurement,0,131072,,,131072,0,256,193577.5,3689.1,193.61941845808178,197.29528281698003,163,223,d69a6810e612eb55b62962c038afe0393371914a52100c34dac5e9ccce7d5c09,e213180b441f70cbd12b252c43949ab080f98a77e527f066134491db28daa612
pr1107-fresh-screen-iq2xs,00-candidate,0,candidate,short_warmup,,19,,,19,0,23,283.0,451.4,0.3162291490007192,0.7360267919721082,15,20,b618d133ffae8a6618fe3b12e5560bbca7bca5f23ad9246b62661e40a9e7af49,f774a2acb8f33843f093b9213bfd3a7ce3fcb337c9287bb8b6b1f7c545492545
pr1107-fresh-screen-iq2xs,00-candidate,0,candidate,shape_warmup,0,4096,,,4096,0,256,5442.6,3613.3,5.463715560967103,9.057940059923567,157,227,f3ca79d5a4f971614716d22a39c52e88b3b75d996925689a1a7d96e476613c42,206a3995c8bff454e5d1e48e7d67e8a1592125809d9a644c8d28ca3d355ac92e
pr1107-fresh-screen-iq2xs,00-candidate,0,candidate,shape_warmup,0,32768,,,32768,0,256,45687.5,3454.0,45.71380217396654,49.15059717500117,163,218,f7adb9a9444252d34c2b47a36daf673221f6347412d2f9f4f1813cafcc345b31,9345bb4c8f1d040aa97d71fa7b6024c78cfa1f25ce670b59e61f8f32614343c7
pr1107-fresh-screen-iq2xs,00-candidate,0,candidate,shape_warmup,0,131072,,,131072,0,256,193587.5,3634.2,193.63088797405362,197.25201290403493,159,222,d69a6810e612eb55b62962c038afe0393371914a52100c34dac5e9ccce7d5c09,d88b2c84d4dd33162e3711f007d31058f16a241cd67eacc879184c37b7a5cdda
pr1107-fresh-screen-iq2xs,00-candidate,0,candidate,measurement,0,4096,,,4096,0,256,5532.2,3490.1,5.553066983935423,9.024406429962255,157,227,f3ca79d5a4f971614716d22a39c52e88b3b75d996925689a1a7d96e476613c42,206a3995c8bff454e5d1e48e7d67e8a1592125809d9a644c8d28ca3d355ac92e
pr1107-fresh-screen-iq2xs,00-candidate,0,candidate,measurement,0,32768,,,32768,0,256,45971.1,3452.3,45.996740860980935,49.431899819057435,163,218,f7adb9a9444252d34c2b47a36daf673221f6347412d2f9f4f1813cafcc345b31,9345bb4c8f1d040aa97d71fa7b6024c78cfa1f25ce670b59e61f8f32614343c7
pr1107-fresh-screen-iq2xs,00-candidate,0,candidate,measurement,0,131072,,,131072,0,256,193673.1,3570.4,193.71540921903215,197.2726871240884,163,223,d69a6810e612eb55b62962c038afe0393371914a52100c34dac5e9ccce7d5c09,e213180b441f70cbd12b252c43949ab080f98a77e527f066134491db28daa612
pr1107-fresh-screen-iq2xs,01-candidate,1,candidate,short_warmup,,19,,,19,0,23,284.2,449.6,0.3162296590162441,0.7353699549566954,15,20,b618d133ffae8a6618fe3b12e5560bbca7bca5f23ad9246b62661e40a9e7af49,f774a2acb8f33843f093b9213bfd3a7ce3fcb337c9287bb8b6b1f7c545492545
pr1107-fresh-screen-iq2xs,01-candidate,1,candidate,shape_warmup,0,4096,,,4096,0,256,5451.9,3620.7,5.473061166936532,9.0746367899701,157,227,f3ca79d5a4f971614716d22a39c52e88b3b75d996925689a1a7d96e476613c42,206a3995c8bff454e5d1e48e7d67e8a1592125809d9a644c8d28ca3d355ac92e
pr1107-fresh-screen-iq2xs,01-candidate,1,candidate,shape_warmup,0,32768,,,32768,0,256,45617.9,3588.5,45.644321886007674,49.21532704506535,163,218,f7adb9a9444252d34c2b47a36daf673221f6347412d2f9f4f1813cafcc345b31,9345bb4c8f1d040aa97d71fa7b6024c78cfa1f25ce670b59e61f8f32614343c7
pr1107-fresh-screen-iq2xs,01-candidate,1,candidate,shape_warmup,0,131072,,,131072,0,256,193379.7,3793.9,193.42337900504936,197.20367823401466,159,222,d69a6810e612eb55b62962c038afe0393371914a52100c34dac5e9ccce7d5c09,92edd74bb29b8adefd1f006b2169ce8761151ea7e91ab3f2b0296bae5c44963d
pr1107-fresh-screen-iq2xs,01-candidate,1,candidate,measurement,0,4096,,,4096,0,256,5526.3,3625.8,5.547336951945908,9.154218639945611,157,227,f3ca79d5a4f971614716d22a39c52e88b3b75d996925689a1a7d96e476613c42,206a3995c8bff454e5d1e48e7d67e8a1592125809d9a644c8d28ca3d355ac92e
pr1107-fresh-screen-iq2xs,01-candidate,1,candidate,measurement,0,32768,,,32768,0,256,45910.7,3586.4,45.93640695896465,49.505149140022695,163,218,f7adb9a9444252d34c2b47a36daf673221f6347412d2f9f4f1813cafcc345b31,9345bb4c8f1d040aa97d71fa7b6024c78cfa1f25ce670b59e61f8f32614343c7
pr1107-fresh-screen-iq2xs,01-candidate,1,candidate,measurement,0,131072,,,131072,0,256,212538.4,3569.1,212.58067512698472,216.1363332599867,163,223,d69a6810e612eb55b62962c038afe0393371914a52100c34dac5e9ccce7d5c09,e213180b441f70cbd12b252c43949ab080f98a77e527f066134491db28daa612
pr1107-fresh-screen-iq2xs,01-baseline,1,baseline,short_warmup,,19,,,19,0,23,280.9,449.2,0.31285095401108265,0.7318347909022123,15,20,b618d133ffae8a6618fe3b12e5560bbca7bca5f23ad9246b62661e40a9e7af49,f774a2acb8f33843f093b9213bfd3a7ce3fcb337c9287bb8b6b1f7c545492545
pr1107-fresh-screen-iq2xs,01-baseline,1,baseline,shape_warmup,0,4096,,,4096,0,256,5449.8,3616.0,5.47097757703159,9.067839173018001,157,227,f3ca79d5a4f971614716d22a39c52e88b3b75d996925689a1a7d96e476613c42,206a3995c8bff454e5d1e48e7d67e8a1592125809d9a644c8d28ca3d355ac92e
pr1107-fresh-screen-iq2xs,01-baseline,1,baseline,shape_warmup,0,32768,,,32768,0,256,45566.3,3577.5,45.59236108395271,49.152424625935964,163,218,f7adb9a9444252d34c2b47a36daf673221f6347412d2f9f4f1813cafcc345b31,9345bb4c8f1d040aa97d71fa7b6024c78cfa1f25ce670b59e61f8f32614343c7
pr1107-fresh-screen-iq2xs,01-baseline,1,baseline,shape_warmup,0,131072,,,131072,0,256,193473.7,3590.9,193.52044152200688,197.09371198003646,163,223,d69a6810e612eb55b62962c038afe0393371914a52100c34dac5e9ccce7d5c09,e213180b441f70cbd12b252c43949ab080f98a77e527f066134491db28daa612
pr1107-fresh-screen-iq2xs,01-baseline,1,baseline,measurement,0,4096,,,4096,0,256,5529.8,3484.4,5.550836025970057,9.0162140999455,157,227,f3ca79d5a4f971614716d22a39c52e88b3b75d996925689a1a7d96e476613c42,206a3995c8bff454e5d1e48e7d67e8a1592125809d9a644c8d28ca3d355ac92e
pr1107-fresh-screen-iq2xs,01-baseline,1,baseline,measurement,0,32768,,,32768,0,256,46001.7,3447.8,46.027002905961126,49.45691829989664,163,218,f7adb9a9444252d34c2b47a36daf673221f6347412d2f9f4f1813cafcc345b31,9345bb4c8f1d040aa97d71fa7b6024c78cfa1f25ce670b59e61f8f32614343c7
pr1107-fresh-screen-iq2xs,01-baseline,1,baseline,measurement,0,131072,,,131072,0,256,193803.2,3566.6,193.84320105798542,197.395175367943,163,223,d69a6810e612eb55b62962c038afe0393371914a52100c34dac5e9ccce7d5c09,e213180b441f70cbd12b252c43949ab080f98a77e527f066134491db28daa612
