timestamp, index, clocks.current.sm [MHz], power.draw [W], temperature.gpu, utilization.gpu [%], pcie.link.gen.current, pcie.link.width.current, clocks_event_reasons.active
2026/10/08 13:13:30.723, 0, 210 MHz, 27.82 W, 30, 0 %, 1, 16, 0x0000000000000001
2026/10/08 13:13:30.729, 1, 210 MHz, 25.78 W, 28, 0 %, 1, 16, 0x0000000000000001
2026/10/08 13:13:32.735, 0, 1710 MHz, 94.32 W, 33, 23 %, 3, 16, 0x0000000000000000
2026/10/08 13:13:32.735, 1, 1710 MHz, 65.59 W, 29, 5 %, 3, 16, 0x0000000000000000
2026/10/08 13:13:34.736, 0, 1770 MHz, 100.25 W, 37, 99 %, 3, 16, 0x0000000000000000
2026/10/08 13:13:34.736, 1, 1710 MHz, 97.03 W, 30, 0 %, 3, 16, 0x0000000000000000
2026/10/08 13:13:36.736, 0, 1905 MHz, 176.30 W, 40, 100 %, 3, 16, 0x0000000000000004
2026/10/08 13:13:36.736, 1, 1710 MHz, 87.67 W, 30, 0 %, 3, 16, 0x0000000000000000
2026/10/08 13:13:38.736, 0, 1710 MHz, 97.44 W, 35, 0 %, 3, 16, 0x0000000000000000
2026/10/08 13:13:38.737, 1, 1845 MHz, 177.06 W, 34, 100 %, 3, 16, 0x0000000000000004
2026/10/08 13:13:40.737, 0, 1905 MHz, 127.02 W, 38, 55 %, 3, 16, 0x0000000000000000
2026/10/08 13:13:40.737, 1, 1905 MHz, 136.22 W, 34, 67 %, 3, 16, 0x0000000000000000
2026/10/08 13:13:42.738, 0, 1905 MHz, 150.56 W, 39, 47 %, 3, 16, 0x0000000000000000
2026/10/08 13:13:42.738, 1, 1905 MHz, 170.81 W, 34, 44 %, 3, 16, 0x0000000000000000
2026/10/08 13:13:44.738, 0, 1905 MHz, 136.45 W, 38, 0 %, 3, 16, 0x0000000000000000
2026/10/08 13:13:44.738, 1, 1905 MHz, 155.23 W, 34, 0 %, 3, 16, 0x0000000000000000
2026/10/08 13:13:46.739, 0, 1860 MHz, 143.17 W, 42, 100 %, 3, 16, 0x0000000000000004
2026/10/08 13:13:46.739, 1, 1710 MHz, 93.29 W, 33, 0 %, 3, 16, 0x0000000000000000
2026/10/08 13:13:48.739, 0, 1905 MHz, 150.00 W, 40, 0 %, 3, 16, 0x0000000000000000
2026/10/08 13:13:48.740, 1, 1905 MHz, 106.60 W, 35, 100 %, 3, 16, 0x0000000000000004
2026/10/08 13:13:50.740, 0, 1710 MHz, 98.08 W, 38, 0 %, 3, 16, 0x0000000000000000
2026/10/08 13:13:50.740, 1, 1905 MHz, 178.12 W, 36, 100 %, 3, 16, 0x0000000000000004
2026/10/08 13:13:52.740, 0, 1905 MHz, 171.94 W, 44, 44 %, 3, 16, 0x0000000000000000
2026/10/08 13:13:52.741, 1, 1905 MHz, 200.48 W, 37, 62 %, 3, 16, 0x0000000000000004
2026/10/08 13:13:54.741, 0, 1905 MHz, 151.91 W, 41, 0 %, 3, 16, 0x0000000000000000
2026/10/08 13:13:54.741, 1, 1905 MHz, 177.07 W, 36, 0 %, 3, 16, 0x0000000000000000
2026/10/08 13:13:56.741, 0, 1695 MHz, 145.52 W, 44, 100 %, 3, 16, 0x0000000000000004
2026/10/08 13:13:56.741, 1, 1710 MHz, 96.72 W, 35, 0 %, 3, 16, 0x0000000000000000
2026/10/08 13:13:58.742, 0, 1905 MHz, 143.23 W, 41, 0 %, 3, 16, 0x0000000000000000
2026/10/08 13:13:58.742, 1, 1905 MHz, 113.63 W, 37, 100 %, 3, 16, 0x0000000000000004
2026/10/08 13:14:00.742, 0, 1710 MHz, 99.93 W, 40, 0 %, 3, 16, 0x0000000000000000
2026/10/08 13:14:00.742, 1, 1905 MHz, 178.67 W, 38, 100 %, 3, 16, 0x0000000000000004
2026/10/08 13:14:02.743, 0, 1905 MHz, 173.65 W, 45, 50 %, 3, 16, 0x0000000000000000
2026/10/08 13:14:02.743, 1, 1860 MHz, 196.10 W, 39, 55 %, 3, 16, 0x0000000000000004
2026/10/08 13:14:04.743, 0, 1905 MHz, 162.31 W, 43, 0 %, 3, 16, 0x0000000000000000
2026/10/08 13:14:04.743, 1, 1905 MHz, 186.47 W, 38, 0 %, 3, 16, 0x0000000000000000
2026/10/08 13:14:06.744, 0, 1710 MHz, 97.36 W, 41, 16 %, 3, 16, 0x0000000000000000
2026/10/08 13:14:06.744, 1, 1710 MHz, 96.41 W, 36, 5 %, 3, 16, 0x0000000000000000
2026/10/08 13:14:08.744, 0, 1560 MHz, 217.99 W, 50, 99 %, 3, 16, 0x0000000000000004
2026/10/08 13:14:08.744, 1, 1710 MHz, 90.11 W, 36, 0 %, 3, 16, 0x0000000000000000
2026/10/08 13:14:10.745, 0, 1905 MHz, 199.32 W, 49, 100 %, 3, 16, 0x0000000000000004
2026/10/08 13:14:10.745, 1, 1650 MHz, 214.80 W, 40, 100 %, 3, 16, 0x0000000000000004
2026/10/08 13:14:12.745, 0, 1635 MHz, 208.68 W, 51, 100 %, 3, 16, 0x0000000000000004
2026/10/08 13:14:12.745, 1, 1665 MHz, 218.25 W, 41, 100 %, 3, 16, 0x0000000000000004
2026/10/08 13:14:14.746, 0, 1905 MHz, 115.71 W, 45, 0 %, 3, 16, 0x0000000000000000
2026/10/08 13:14:14.746, 1, 1860 MHz, 211.59 W, 41, 100 %, 3, 16, 0x0000000000000004
2026/10/08 13:14:16.746, 0, 1710 MHz, 92.74 W, 43, 100 %, 3, 16, 0x0000000000000000
2026/10/08 13:14:16.746, 1, 1905 MHz, 200.15 W, 40, 52 %, 3, 16, 0x0000000000000004
2026/10/08 13:14:18.746, 0, 1905 MHz, 172.14 W, 49, 37 %, 3, 16, 0x0000000000000000
2026/10/08 13:14:18.747, 1, 1905 MHz, 197.23 W, 41, 65 %, 3, 16, 0x0000000000000004
2026/10/08 13:14:20.747, 0, 1905 MHz, 173.61 W, 48, 37 %, 3, 16, 0x0000000000000000
2026/10/08 13:14:20.747, 1, 1905 MHz, 202.23 W, 41, 67 %, 3, 16, 0x0000000000000000
2026/10/08 13:14:22.747, 0, 1710 MHz, 100.50 W, 44, 6 %, 3, 16, 0x0000000000000000
2026/10/08 13:14:22.748, 1, 1710 MHz, 98.06 W, 38, 17 %, 3, 16, 0x0000000000000000
2026/10/08 13:14:24.748, 0, 1620 MHz, 217.79 W, 52, 100 %, 3, 16, 0x0000000000000004
2026/10/08 13:14:24.748, 1, 1710 MHz, 91.61 W, 38, 0 %, 3, 16, 0x0000000000000000
2026/10/08 13:14:26.748, 0, 1665 MHz, 201.62 W, 53, 100 %, 3, 16, 0x0000000000000004
2026/10/08 13:14:26.748, 1, 1605 MHz, 146.05 W, 41, 100 %, 3, 16, 0x0000000000000004
2026/10/08 13:14:28.749, 0, 1530 MHz, 210.59 W, 53, 100 %, 3, 16, 0x0000000000000000
2026/10/08 13:14:28.749, 1, 1545 MHz, 218.33 W, 42, 100 %, 3, 16, 0x0000000000000004
2026/10/08 13:14:30.749, 0, 1905 MHz, 114.55 W, 47, 0 %, 3, 16, 0x0000000000000000
2026/10/08 13:14:30.749, 1, 1695 MHz, 206.39 W, 43, 100 %, 3, 16, 0x0000000000000004
2026/10/08 13:14:32.750, 0, 1710 MHz, 98.41 W, 45, 0 %, 3, 16, 0x0000000000000000
2026/10/08 13:14:32.750, 1, 1905 MHz, 210.72 W, 42, 100 %, 3, 16, 0x0000000000000004
2026/10/08 13:14:34.750, 0, 1905 MHz, 156.42 W, 50, 42 %, 3, 16, 0x0000000000000000
2026/10/08 13:14:34.750, 1, 1710 MHz, 172.85 W, 42, 73 %, 3, 16, 0x0000000000000000
2026/10/08 13:14:36.751, 0, 1905 MHz, 163.26 W, 51, 39 %, 3, 16, 0x0000000000000000
2026/10/08 13:14:36.751, 1, 1905 MHz, 186.93 W, 43, 64 %, 3, 16, 0x0000000000000000
2026/10/08 13:14:38.751, 0, 1905 MHz, 114.19 W, 47, 0 %, 3, 16, 0x0000000000000000
2026/10/08 13:14:38.752, 1, 1905 MHz, 117.38 W, 40, 0 %, 3, 16, 0x0000000000000000
2026/10/08 13:14:40.752, 0, 1680 MHz, 189.26 W, 53, 100 %, 3, 16, 0x0000000000000004
2026/10/08 13:14:40.752, 1, 1710 MHz, 91.98 W, 39, 0 %, 3, 16, 0x0000000000000000
2026/10/08 13:14:42.752, 0, 1590 MHz, 204.38 W, 53, 100 %, 3, 16, 0x0000000000000004
2026/10/08 13:14:42.752, 1, 1665 MHz, 94.26 W, 40, 100 %, 3, 16, 0x0000000000000004
2026/10/08 13:14:44.753, 0, 1575 MHz, 207.54 W, 55, 100 %, 3, 16, 0x0000000000000004
2026/10/08 13:14:44.753, 1, 1650 MHz, 216.13 W, 43, 100 %, 3, 16, 0x0000000000000004
2026/10/08 13:14:46.753, 0, 1905 MHz, 130.41 W, 49, 0 %, 3, 16, 0x0000000000000000
2026/10/08 13:14:46.753, 1, 1650 MHz, 186.16 W, 42, 100 %, 3, 16, 0x0000000000000000
2026/10/08 13:14:48.754, 0, 1710 MHz, 103.46 W, 48, 0 %, 3, 16, 0x0000000000000000
2026/10/08 13:14:48.754, 1, 1635 MHz, 207.03 W, 44, 100 %, 3, 16, 0x0000000000000004
2026/10/08 13:14:50.754, 0, 1905 MHz, 102.15 W, 47, 0 %, 3, 16, 0x0000000000000000
2026/10/08 13:14:50.754, 1, 1905 MHz, 123.50 W, 41, 100 %, 3, 16, 0x0000000000000000
2026/10/08 13:14:52.755, 0, 1905 MHz, 175.90 W, 52, 39 %, 3, 16, 0x0000000000000000
2026/10/08 13:14:52.755, 1, 1905 MHz, 200.85 W, 44, 77 %, 3, 16, 0x0000000000000000
2026/10/08 13:14:54.755, 0, 1905 MHz, 124.84 W, 49, 0 %, 3, 16, 0x0000000000000000
2026/10/08 13:14:54.755, 1, 1905 MHz, 140.29 W, 41, 0 %, 3, 16, 0x0000000000000000
2026/10/08 13:14:56.756, 0, 1710 MHz, 103.49 W, 48, 0 %, 3, 16, 0x0000000000000000
2026/10/08 13:14:56.756, 1, 1710 MHz, 100.85 W, 40, 0 %, 3, 16, 0x0000000000000000
2026/10/08 13:14:58.756, 0, 1665 MHz, 155.37 W, 54, 100 %, 3, 16, 0x0000000000000004
2026/10/08 13:14:58.756, 1, 1710 MHz, 92.10 W, 39, 0 %, 3, 16, 0x0000000000000000
2026/10/08 13:15:00.757, 0, 1560 MHz, 218.30 W, 56, 100 %, 3, 16, 0x0000000000000004
2026/10/08 13:15:00.757, 1, 1710 MHz, 91.62 W, 39, 0 %, 3, 16, 0x0000000000000000
2026/10/08 13:15:02.757, 0, 1650 MHz, 208.17 W, 55, 99 %, 3, 16, 0x0000000000000004
2026/10/08 13:15:02.757, 1, 1485 MHz, 218.67 W, 44, 100 %, 3, 16, 0x0000000000000004
2026/10/08 13:15:04.758, 0, 1800 MHz, 197.10 W, 56, 100 %, 3, 16, 0x0000000000000004
2026/10/08 13:15:04.758, 1, 1620 MHz, 201.34 W, 44, 100 %, 3, 16, 0x0000000000000004
2026/10/08 13:15:06.758, 0, 1590 MHz, 209.40 W, 57, 100 %, 3, 16, 0x0000000000000004
2026/10/08 13:15:06.758, 1, 1770 MHz, 207.81 W, 44, 100 %, 3, 16, 0x0000000000000004
2026/10/08 13:15:08.758, 0, 1725 MHz, 154.69 W, 55, 100 %, 3, 16, 0x0000000000000000
2026/10/08 13:15:08.759, 1, 1665 MHz, 196.72 W, 44, 100 %, 3, 16, 0x0000000000000004
2026/10/08 13:15:10.759, 0, 1590 MHz, 209.40 W, 58, 100 %, 3, 16, 0x0000000000000004
2026/10/08 13:15:10.759, 1, 1905 MHz, 209.65 W, 44, 100 %, 3, 16, 0x0000000000000004
2026/10/08 13:15:12.760, 0, 1905 MHz, 104.99 W, 52, 0 %, 3, 16, 0x0000000000000000
2026/10/08 13:15:12.760, 1, 1650 MHz, 201.58 W, 45, 100 %, 3, 16, 0x0000000000000004
2026/10/08 13:15:14.760, 0, 1710 MHz, 98.02 W, 50, 0 %, 3, 16, 0x0000000000000000
2026/10/08 13:15:14.760, 1, 1605 MHz, 206.94 W, 45, 100 %, 3, 16, 0x0000000000000004
2026/10/08 13:15:16.760, 0, 1905 MHz, 101.18 W, 50, 0 %, 3, 16, 0x0000000000000000
2026/10/08 13:15:16.761, 1, 1905 MHz, 145.10 W, 43, 100 %, 3, 16, 0x0000000000000000
2026/10/08 13:15:18.761, 0, 1905 MHz, 175.10 W, 55, 44 %, 3, 16, 0x0000000000000000
2026/10/08 13:15:18.761, 1, 1905 MHz, 207.56 W, 45, 65 %, 3, 16, 0x0000000000000004
2026/10/08 13:15:20.761, 0, 1905 MHz, 116.61 W, 52, 0 %, 3, 16, 0x0000000000000000
2026/10/08 13:15:20.762, 1, 1905 MHz, 134.45 W, 43, 0 %, 3, 16, 0x0000000000000000
2026/10/08 13:15:22.762, 0, 1710 MHz, 97.34 W, 50, 0 %, 3, 16, 0x0000000000000000
2026/10/08 13:15:22.762, 1, 1710 MHz, 100.99 W, 42, 0 %, 3, 16, 0x0000000000000000
2026/10/08 13:15:24.762, 0, 1500 MHz, 104.31 W, 53, 98 %, 3, 16, 0x0000000000000004
2026/10/08 13:15:24.763, 1, 1710 MHz, 92.74 W, 41, 1 %, 3, 16, 0x0000000000000000
2026/10/08 13:15:26.763, 0, 1545 MHz, 218.10 W, 58, 100 %, 3, 16, 0x0000000000000004
2026/10/08 13:15:26.763, 1, 1710 MHz, 91.91 W, 40, 0 %, 3, 16, 0x0000000000000000
2026/10/08 13:15:28.763, 0, 1650 MHz, 200.47 W, 58, 100 %, 3, 16, 0x0000000000000004
2026/10/08 13:15:28.763, 1, 1635 MHz, 217.04 W, 44, 100 %, 3, 16, 0x0000000000000004
2026/10/08 13:15:30.764, 0, 1575 MHz, 210.73 W, 59, 100 %, 3, 16, 0x0000000000000004
2026/10/08 13:15:30.764, 1, 1620 MHz, 217.85 W, 45, 100 %, 3, 16, 0x0000000000000004
2026/10/08 13:15:32.764, 0, 1635 MHz, 209.11 W, 59, 100 %, 3, 16, 0x0000000000000004
2026/10/08 13:15:32.764, 1, 1665 MHz, 206.97 W, 45, 100 %, 3, 16, 0x0000000000000004
2026/10/08 13:15:34.765, 0, 1725 MHz, 157.39 W, 56, 15 %, 3, 16, 0x0000000000000000
2026/10/08 13:15:34.765, 1, 1485 MHz, 204.80 W, 45, 100 %, 3, 16, 0x0000000000000004
2026/10/08 13:15:36.765, 0, 1635 MHz, 208.70 W, 59, 100 %, 3, 16, 0x0000000000000004
2026/10/08 13:15:36.765, 1, 1905 MHz, 212.31 W, 46, 100 %, 3, 16, 0x0000000000000004
2026/10/08 13:15:38.766, 0, 1905 MHz, 147.58 W, 55, 0 %, 3, 16, 0x0000000000000000
2026/10/08 13:15:38.766, 1, 1530 MHz, 203.99 W, 46, 99 %, 3, 16, 0x0000000000000004
2026/10/08 13:15:40.766, 0, 1710 MHz, 103.59 W, 53, 0 %, 3, 16, 0x0000000000000000
2026/10/08 13:15:40.767, 1, 1605 MHz, 204.01 W, 46, 100 %, 3, 16, 0x0000000000000000
2026/10/08 13:15:42.767, 0, 1905 MHz, 94.85 W, 52, 100 %, 3, 16, 0x0000000000000000
2026/10/08 13:15:42.767, 1, 1905 MHz, 200.86 W, 46, 45 %, 3, 16, 0x0000000000000004
2026/10/08 13:15:44.767, 0, 1905 MHz, 175.71 W, 57, 41 %, 3, 16, 0x0000000000000000
2026/10/08 13:15:44.767, 1, 1755 MHz, 200.17 W, 46, 73 %, 3, 16, 0x0000000000000004
2026/10/08 13:15:46.768, 0, 1905 MHz, 162.04 W, 55, 0 %, 3, 16, 0x0000000000000000
2026/10/08 13:15:46.768, 1, 1905 MHz, 195.92 W, 44, 0 %, 3, 16, 0x0000000000000000
2026/10/08 13:15:48.768, 0, 1710 MHz, 101.83 W, 53, 0 %, 3, 16, 0x0000000000000000
2026/10/08 13:15:48.768, 1, 1710 MHz, 101.19 W, 43, 0 %, 3, 16, 0x0000000000000000
2026/10/08 13:15:50.769, 0, 1680 MHz, 118.33 W, 56, 100 %, 3, 16, 0x0000000000000004
2026/10/08 13:15:50.769, 1, 1710 MHz, 92.54 W, 42, 0 %, 3, 16, 0x0000000000000000
2026/10/08 13:15:52.769, 0, 1575 MHz, 217.50 W, 60, 100 %, 3, 16, 0x0000000000000004
2026/10/08 13:15:52.769, 1, 1710 MHz, 91.82 W, 41, 0 %, 3, 16, 0x0000000000000000
2026/10/08 13:15:54.769, 0, 1500 MHz, 206.26 W, 60, 100 %, 3, 16, 0x0000000000000004
2026/10/08 13:15:54.770, 1, 1650 MHz, 217.84 W, 45, 100 %, 3, 16, 0x0000000000000004
2026/10/08 13:15:56.770, 0, 1905 MHz, 202.59 W, 58, 100 %, 3, 16, 0x0000000000000000
2026/10/08 13:15:56.770, 1, 1905 MHz, 205.01 W, 44, 36 %, 3, 16, 0x0000000000000000
2026/10/08 13:15:58.770, 0, 1500 MHz, 208.01 W, 61, 100 %, 3, 16, 0x0000000000000004
2026/10/08 13:15:58.771, 1, 1575 MHz, 205.17 W, 46, 99 %, 3, 16, 0x0000000000000004
2026/10/08 13:16:00.771, 0, 1905 MHz, 145.35 W, 57, 99 %, 3, 16, 0x0000000000000004
2026/10/08 13:16:00.771, 1, 1680 MHz, 192.40 W, 45, 100 %, 3, 16, 0x0000000000000000
2026/10/08 13:16:02.771, 0, 1740 MHz, 211.42 W, 60, 100 %, 3, 16, 0x0000000000000004
2026/10/08 13:16:02.772, 1, 1500 MHz, 205.43 W, 46, 99 %, 3, 16, 0x0000000000000004
2026/10/08 13:16:04.772, 0, 1905 MHz, 128.08 W, 56, 0 %, 3, 16, 0x0000000000000000
2026/10/08 13:16:04.772, 1, 1530 MHz, 195.68 W, 47, 100 %, 3, 16, 0x0000000000000004
2026/10/08 13:16:06.772, 0, 1710 MHz, 106.62 W, 55, 0 %, 3, 16, 0x0000000000000000
2026/10/08 13:16:06.772, 1, 1620 MHz, 207.74 W, 47, 100 %, 3, 16, 0x0000000000000004
2026/10/08 13:16:08.773, 0, 1905 MHz, 97.11 W, 55, 100 %, 3, 16, 0x0000000000000000
2026/10/08 13:16:08.773, 1, 1905 MHz, 185.05 W, 45, 0 %, 3, 16, 0x0000000000000000
2026/10/08 13:16:10.773, 0, 1905 MHz, 180.32 W, 59, 44 %, 3, 16, 0x0000000000000004
2026/10/08 13:16:10.773, 1, 1770 MHz, 212.08 W, 47, 71 %, 3, 16, 0x0000000000000004
2026/10/08 13:16:12.774, 0, 1905 MHz, 142.07 W, 56, 0 %, 3, 16, 0x0000000000000000
2026/10/08 13:16:12.774, 1, 1905 MHz, 166.17 W, 44, 0 %, 3, 16, 0x0000000000000000
2026/10/08 13:16:14.774, 0, 1710 MHz, 103.03 W, 55, 0 %, 3, 16, 0x0000000000000000
2026/10/08 13:16:14.774, 1, 1710 MHz, 102.96 W, 43, 0 %, 3, 16, 0x0000000000000000
2026/10/08 13:16:16.775, 0, 1710 MHz, 95.06 W, 54, 0 %, 3, 16, 0x0000000000000000
2026/10/08 13:16:16.775, 1, 1710 MHz, 92.75 W, 42, 0 %, 3, 16, 0x0000000000000000
2026/10/08 13:16:18.775, 0, 1710 MHz, 94.60 W, 53, 0 %, 3, 16, 0x0000000000000000
2026/10/08 13:16:18.775, 1, 1710 MHz, 92.35 W, 42, 1 %, 3, 16, 0x0000000000000000
2026/10/08 13:16:20.776, 0, 1635 MHz, 217.50 W, 61, 98 %, 3, 16, 0x0000000000000004
2026/10/08 13:16:20.776, 1, 1710 MHz, 92.36 W, 42, 0 %, 3, 16, 0x0000000000000000
2026/10/08 13:16:22.776, 0, 1905 MHz, 199.92 W, 60, 100 %, 3, 16, 0x0000000000000004
2026/10/08 13:16:22.776, 1, 1665 MHz, 122.67 W, 44, 100 %, 3, 16, 0x0000000000000004
2026/10/08 13:16:24.777, 0, 1485 MHz, 212.86 W, 62, 98 %, 3, 16, 0x0000000000000004
2026/10/08 13:16:24.777, 1, 1500 MHz, 218.52 W, 45, 100 %, 3, 16, 0x0000000000000004
2026/10/08 13:16:26.777, 0, 1605 MHz, 190.44 W, 62, 98 %, 3, 16, 0x0000000000000004
2026/10/08 13:16:26.777, 1, 1725 MHz, 184.31 W, 45, 100 %, 3, 16, 0x0000000000000004
2026/10/08 13:16:28.778, 0, 1635 MHz, 214.41 W, 63, 100 %, 3, 16, 0x0000000000000004
2026/10/08 13:16:28.778, 1, 1470 MHz, 212.77 W, 47, 100 %, 3, 16, 0x0000000000000004
2026/10/08 13:16:30.778, 0, 1620 MHz, 165.14 W, 62, 100 %, 3, 16, 0x0000000000000000
2026/10/08 13:16:30.778, 1, 1470 MHz, 198.46 W, 47, 100 %, 3, 16, 0x0000000000000004
2026/10/08 13:16:32.778, 0, 1545 MHz, 215.01 W, 63, 97 %, 3, 16, 0x0000000000000004
2026/10/08 13:16:32.779, 1, 1815 MHz, 209.12 W, 47, 100 %, 3, 16, 0x0000000000000000
2026/10/08 13:16:34.779, 0, 1635 MHz, 165.99 W, 62, 100 %, 3, 16, 0x0000000000000004
2026/10/08 13:16:34.779, 1, 1620 MHz, 203.75 W, 47, 100 %, 3, 16, 0x0000000000000004
2026/10/08 13:16:36.779, 0, 1905 MHz, 216.07 W, 62, 98 %, 3, 16, 0x0000000000000004
2026/10/08 13:16:36.779, 1, 1650 MHz, 216.06 W, 47, 100 %, 3, 16, 0x0000000000000004
2026/10/08 13:16:38.780, 0, 1665 MHz, 164.39 W, 62, 100 %, 3, 16, 0x0000000000000004
2026/10/08 13:16:38.780, 1, 1635 MHz, 198.74 W, 46, 100 %, 3, 16, 0x0000000000000004
2026/10/08 13:16:40.780, 0, 1590 MHz, 212.04 W, 64, 99 %, 3, 16, 0x0000000000000004
2026/10/08 13:16:40.780, 1, 1635 MHz, 208.75 W, 46, 100 %, 3, 16, 0x0000000000000004
2026/10/08 13:16:42.781, 0, 1905 MHz, 170.82 W, 60, 0 %, 3, 16, 0x0000000000000000
2026/10/08 13:16:42.781, 1, 1575 MHz, 211.48 W, 48, 100 %, 3, 16, 0x0000000000000004
2026/10/08 13:16:44.781, 0, 1605 MHz, 207.87 W, 64, 100 %, 3, 16, 0x0000000000000004
2026/10/08 13:16:44.781, 1, 1605 MHz, 214.06 W, 48, 100 %, 3, 16, 0x0000000000000004
2026/10/08 13:16:46.782, 0, 1905 MHz, 185.01 W, 61, 0 %, 3, 16, 0x0000000000000000
2026/10/08 13:16:46.782, 1, 1635 MHz, 214.74 W, 48, 100 %, 3, 16, 0x0000000000000004
2026/10/08 13:16:48.782, 0, 1710 MHz, 108.74 W, 58, 0 %, 3, 16, 0x0000000000000000
2026/10/08 13:16:48.782, 1, 1635 MHz, 211.14 W, 48, 100 %, 3, 16, 0x0000000000000004
2026/10/08 13:16:50.782, 0, 1710 MHz, 96.59 W, 57, 0 %, 3, 16, 0x0000000000000000
2026/10/08 13:16:50.783, 1, 1905 MHz, 206.24 W, 48, 100 %, 3, 16, 0x0000000000000000
2026/10/08 13:16:52.783, 0, 1905 MHz, 108.02 W, 58, 0 %, 3, 16, 0x0000000000000000
2026/10/08 13:16:52.783, 1, 1905 MHz, 107.08 W, 45, 100 %, 3, 16, 0x0000000000000000
2026/10/08 13:16:54.783, 0, 1905 MHz, 179.51 W, 62, 37 %, 3, 16, 0x0000000000000000
2026/10/08 13:16:54.784, 1, 1830 MHz, 206.88 W, 48, 76 %, 3, 16, 0x0000000000000004
2026/10/08 13:16:56.784, 0, 1905 MHz, 124.41 W, 58, 0 %, 3, 16, 0x0000000000000000
2026/10/08 13:16:56.784, 1, 1905 MHz, 126.63 W, 45, 0 %, 3, 16, 0x0000000000000000
2026/10/08 13:16:58.784, 0, 1710 MHz, 103.91 W, 57, 0 %, 3, 16, 0x0000000000000000
2026/10/08 13:16:58.785, 1, 1710 MHz, 102.07 W, 44, 0 %, 3, 16, 0x0000000000000000
2026/10/08 13:17:00.785, 0, 1710 MHz, 96.13 W, 57, 0 %, 3, 16, 0x0000000000000000
2026/10/08 13:17:00.785, 1, 1710 MHz, 93.15 W, 43, 0 %, 3, 16, 0x0000000000000000
2026/10/08 13:17:02.785, 0, 1620 MHz, 179.15 W, 62, 100 %, 3, 16, 0x0000000000000004
2026/10/08 13:17:02.786, 1, 1710 MHz, 92.67 W, 43, 0 %, 3, 16, 0x0000000000000000
2026/10/08 13:17:04.786, 0, 1560 MHz, 218.76 W, 64, 98 %, 3, 16, 0x0000000000000004
2026/10/08 13:17:04.786, 1, 1710 MHz, 92.36 W, 43, 0 %, 3, 16, 0x0000000000000000
2026/10/08 13:17:06.786, 0, 1590 MHz, 209.48 W, 64, 99 %, 3, 16, 0x0000000000000004
2026/10/08 13:17:06.786, 1, 1635 MHz, 218.56 W, 46, 100 %, 3, 16, 0x0000000000000004
2026/10/08 13:17:08.787, 0, 1560 MHz, 213.48 W, 64, 99 %, 3, 16, 0x0000000000000004
2026/10/08 13:17:08.787, 1, 1500 MHz, 216.72 W, 47, 82 %, 3, 16, 0x0000000000000004
2026/10/08 13:17:10.787, 0, 1800 MHz, 218.78 W, 65, 98 %, 3, 16, 0x0000000000000004
2026/10/08 13:17:10.787, 1, 1620 MHz, 209.11 W, 47, 100 %, 3, 16, 0x0000000000000004
2026/10/08 13:17:12.788, 0, 1905 MHz, 202.56 W, 62, 18 %, 3, 16, 0x0000000000000000
2026/10/08 13:17:12.788, 1, 1560 MHz, 219.31 W, 47, 100 %, 3, 16, 0x0000000000000004
2026/10/08 13:17:14.788, 0, 1485 MHz, 211.14 W, 65, 100 %, 3, 16, 0x0000000000000004
2026/10/08 13:17:14.788, 1, 1545 MHz, 209.01 W, 48, 98 %, 3, 16, 0x0000000000000004
2026/10/08 13:17:16.789, 0, 1485 MHz, 220.73 W, 65, 100 %, 3, 16, 0x0000000000000004
2026/10/08 13:17:16.789, 1, 1530 MHz, 213.13 W, 48, 100 %, 3, 16, 0x0000000000000004
2026/10/08 13:17:18.789, 0, 1605 MHz, 212.41 W, 66, 98 %, 3, 16, 0x0000000000000004
2026/10/08 13:17:18.789, 1, 1905 MHz, 208.52 W, 48, 100 %, 3, 16, 0x0000000000000000
2026/10/08 13:17:20.790, 0, 1530 MHz, 213.89 W, 66, 98 %, 3, 16, 0x0000000000000004
2026/10/08 13:17:20.790, 1, 1620 MHz, 214.22 W, 47, 100 %, 3, 16, 0x0000000000000004
2026/10/08 13:17:22.790, 0, 1455 MHz, 210.03 W, 66, 100 %, 3, 16, 0x0000000000000004
2026/10/08 13:17:22.790, 1, 1545 MHz, 210.20 W, 48, 100 %, 3, 16, 0x0000000000000004
2026/10/08 13:17:24.791, 0, 1575 MHz, 217.48 W, 66, 98 %, 3, 16, 0x0000000000000004
2026/10/08 13:17:24.791, 1, 1560 MHz, 211.76 W, 49, 100 %, 3, 16, 0x0000000000000004
2026/10/08 13:17:26.791, 0, 1560 MHz, 180.54 W, 66, 98 %, 3, 16, 0x0000000000000004
2026/10/08 13:17:26.791, 1, 1860 MHz, 200.01 W, 49, 100 %, 3, 16, 0x0000000000000004
2026/10/08 13:17:28.792, 0, 1470 MHz, 209.88 W, 67, 100 %, 3, 16, 0x0000000000000004
2026/10/08 13:17:28.792, 1, 1515 MHz, 215.26 W, 49, 100 %, 3, 16, 0x0000000000000004
2026/10/08 13:17:30.792, 0, 1905 MHz, 120.92 W, 62, 0 %, 3, 16, 0x0000000000000000
2026/10/08 13:17:30.792, 1, 1575 MHz, 200.90 W, 49, 100 %, 3, 16, 0x0000000000000004
2026/10/08 13:17:32.793, 0, 1710 MHz, 102.67 W, 60, 0 %, 3, 16, 0x0000000000000000
2026/10/08 13:17:32.793, 1, 1620 MHz, 207.42 W, 49, 99 %, 3, 16, 0x0000000000000004
2026/10/08 13:17:34.793, 0, 1710 MHz, 96.96 W, 59, 0 %, 3, 16, 0x0000000000000000
2026/10/08 13:17:34.793, 1, 1530 MHz, 207.38 W, 49, 99 %, 3, 16, 0x0000000000000004
2026/10/08 13:17:36.793, 0, 1905 MHz, 160.71 W, 63, 43 %, 3, 16, 0x0000000000000000
2026/10/08 13:17:36.794, 1, 1740 MHz, 177.23 W, 49, 72 %, 3, 16, 0x0000000000000000
2026/10/08 13:17:38.794, 0, 1905 MHz, 178.47 W, 64, 47 %, 3, 16, 0x0000000000000000
2026/10/08 13:17:38.794, 1, 1905 MHz, 203.97 W, 48, 61 %, 3, 16, 0x0000000000000004
2026/10/08 13:17:40.794, 0, 1905 MHz, 118.13 W, 60, 0 %, 3, 16, 0x0000000000000000
2026/10/08 13:17:40.794, 1, 1905 MHz, 119.86 W, 46, 0 %, 3, 16, 0x0000000000000000
2026/10/08 13:17:42.795, 0, 1710 MHz, 101.53 W, 59, 0 %, 3, 16, 0x0000000000000000
2026/10/08 13:17:42.795, 1, 1710 MHz, 97.44 W, 45, 0 %, 3, 16, 0x0000000000000000
2026/10/08 13:17:44.795, 0, 1905 MHz, 105.05 W, 61, 98 %, 3, 16, 0x0000000000000004
2026/10/08 13:17:44.795, 1, 1710 MHz, 93.30 W, 44, 0 %, 3, 16, 0x0000000000000000
2026/10/08 13:17:46.796, 0, 1650 MHz, 217.03 W, 65, 99 %, 3, 16, 0x0000000000000004
2026/10/08 13:17:46.796, 1, 1710 MHz, 92.81 W, 43, 0 %, 3, 16, 0x0000000000000000
2026/10/08 13:17:48.796, 0, 1425 MHz, 197.73 W, 66, 100 %, 3, 16, 0x0000000000000004
2026/10/08 13:17:48.796, 1, 1575 MHz, 179.11 W, 47, 100 %, 3, 16, 0x0000000000000004
2026/10/08 13:17:50.796, 0, 1620 MHz, 214.39 W, 66, 99 %, 3, 16, 0x0000000000000004
2026/10/08 13:17:50.797, 1, 1650 MHz, 218.34 W, 47, 100 %, 3, 16, 0x0000000000000004
2026/10/08 13:17:52.797, 0, 1890 MHz, 206.75 W, 66, 100 %, 3, 16, 0x0000000000000004
2026/10/08 13:17:52.797, 1, 1665 MHz, 213.38 W, 48, 100 %, 3, 16, 0x0000000000000004
2026/10/08 13:17:54.797, 0, 1470 MHz, 215.11 W, 67, 100 %, 3, 16, 0x0000000000000004
2026/10/08 13:17:54.797, 1, 1560 MHz, 216.52 W, 48, 100 %, 3, 16, 0x0000000000000004
2026/10/08 13:17:56.798, 0, 1635 MHz, 203.92 W, 67, 100 %, 3, 16, 0x0000000000000004
2026/10/08 13:17:56.798, 1, 1545 MHz, 206.92 W, 48, 100 %, 3, 16, 0x0000000000000004
2026/10/08 13:17:58.798, 0, 1890 MHz, 218.13 W, 67, 99 %, 3, 16, 0x0000000000000004
2026/10/08 13:17:58.799, 1, 1620 MHz, 211.56 W, 48, 100 %, 3, 16, 0x0000000000000004
2026/10/08 13:18:00.799, 0, 1485 MHz, 183.28 W, 67, 100 %, 3, 16, 0x0000000000000004
2026/10/08 13:18:00.799, 1, 1590 MHz, 208.87 W, 49, 100 %, 3, 16, 0x0000000000000004
2026/10/08 13:18:02.799, 0, 1485 MHz, 216.24 W, 67, 99 %, 3, 16, 0x0000000000000004
2026/10/08 13:18:02.799, 1, 1485 MHz, 214.99 W, 49, 99 %, 3, 16, 0x0000000000000004
2026/10/08 13:18:04.800, 0, 1620 MHz, 167.85 W, 67, 100 %, 3, 16, 0x0000000000000004
2026/10/08 13:18:04.800, 1, 1620 MHz, 199.10 W, 49, 100 %, 3, 16, 0x0000000000000004
2026/10/08 13:18:06.800, 0, 1605 MHz, 214.46 W, 68, 100 %, 3, 16, 0x0000000000000004
2026/10/08 13:18:06.800, 1, 1620 MHz, 217.11 W, 49, 100 %, 3, 16, 0x0000000000000004
2026/10/08 13:18:08.801, 0, 1560 MHz, 155.41 W, 67, 100 %, 3, 16, 0x0000000000000004
2026/10/08 13:18:08.801, 1, 1605 MHz, 203.97 W, 49, 100 %, 3, 16, 0x0000000000000004
2026/10/08 13:18:10.801, 0, 1620 MHz, 212.44 W, 68, 100 %, 3, 16, 0x0000000000000004
2026/10/08 13:18:10.801, 1, 1605 MHz, 209.76 W, 49, 100 %, 3, 16, 0x0000000000000004
2026/10/08 13:18:12.802, 0, 1905 MHz, 157.90 W, 63, 0 %, 3, 16, 0x0000000000000000
2026/10/08 13:18:12.802, 1, 1590 MHz, 209.88 W, 50, 100 %, 3, 16, 0x0000000000000004
2026/10/08 13:18:14.802, 0, 1710 MHz, 109.11 W, 62, 0 %, 3, 16, 0x0000000000000000
2026/10/08 13:18:14.802, 1, 1485 MHz, 207.92 W, 49, 100 %, 3, 16, 0x0000000000000004
2026/10/08 13:18:16.803, 0, 1710 MHz, 98.22 W, 61, 0 %, 3, 16, 0x0000000000000000
2026/10/08 13:18:16.803, 1, 1635 MHz, 208.28 W, 49, 100 %, 3, 16, 0x0000000000000004
2026/10/08 13:18:18.803, 0, 1905 MHz, 129.73 W, 63, 41 %, 3, 16, 0x0000000000000000
2026/10/08 13:18:18.803, 1, 1905 MHz, 130.99 W, 48, 66 %, 3, 16, 0x0000000000000000
2026/10/08 13:18:20.804, 0, 1905 MHz, 179.97 W, 65, 39 %, 3, 16, 0x0000000000000000
2026/10/08 13:18:20.804, 1, 1860 MHz, 203.93 W, 49, 70 %, 3, 16, 0x0000000000000004
2026/10/08 13:18:22.804, 0, 1905 MHz, 119.83 W, 62, 0 %, 3, 16, 0x0000000000000000
2026/10/08 13:18:22.805, 1, 1905 MHz, 121.46 W, 46, 0 %, 3, 16, 0x0000000000000000
2026/10/08 13:18:24.805, 0, 1710 MHz, 102.22 W, 60, 0 %, 3, 16, 0x0000000000000000
2026/10/08 13:18:24.805, 1, 1710 MHz, 98.04 W, 45, 0 %, 3, 16, 0x0000000000000000
2026/10/08 13:18:26.805, 0, 1710 MHz, 97.30 W, 60, 0 %, 3, 16, 0x0000000000000000
2026/10/08 13:18:26.806, 1, 1710 MHz, 93.51 W, 44, 0 %, 3, 16, 0x0000000000000000
2026/10/08 13:18:28.806, 0, 1710 MHz, 97.37 W, 59, 0 %, 3, 16, 0x0000000000000000
2026/10/08 13:18:28.806, 1, 1710 MHz, 93.27 W, 44, 0 %, 3, 16, 0x0000000000000000
2026/10/08 13:18:30.806, 0, 1515 MHz, 211.41 W, 66, 100 %, 3, 16, 0x0000000000000004
2026/10/08 13:18:30.806, 1, 1710 MHz, 93.17 W, 43, 0 %, 3, 16, 0x0000000000000000
2026/10/08 13:18:32.807, 0, 1575 MHz, 217.17 W, 66, 99 %, 3, 16, 0x0000000000000004
2026/10/08 13:18:32.807, 1, 1710 MHz, 92.66 W, 43, 0 %, 3, 16, 0x0000000000000000
2026/10/08 13:18:34.808, 0, 1635 MHz, 218.10 W, 67, 99 %, 3, 16, 0x0000000000000004
2026/10/08 13:18:34.808, 1, 1635 MHz, 217.04 W, 47, 100 %, 3, 16, 0x0000000000000004
2026/10/08 13:18:36.808, 0, 1650 MHz, 210.56 W, 67, 100 %, 3, 16, 0x0000000000000004
2026/10/08 13:18:36.808, 1, 1530 MHz, 219.49 W, 47, 99 %, 3, 16, 0x0000000000000004
2026/10/08 13:18:38.809, 0, 1485 MHz, 218.50 W, 67, 100 %, 3, 16, 0x0000000000000004
2026/10/08 13:18:38.809, 1, 1545 MHz, 212.03 W, 48, 100 %, 3, 16, 0x0000000000000004
2026/10/08 13:18:40.809, 0, 1905 MHz, 209.09 W, 67, 99 %, 3, 16, 0x0000000000000000
2026/10/08 13:18:40.809, 1, 1620 MHz, 219.99 W, 48, 99 %, 3, 16, 0x0000000000000004
2026/10/08 13:18:42.810, 0, 1575 MHz, 211.76 W, 68, 99 %, 3, 16, 0x0000000000000004
2026/10/08 13:18:42.810, 1, 1620 MHz, 212.17 W, 48, 100 %, 3, 16, 0x0000000000000004
2026/10/08 13:18:44.810, 0, 1605 MHz, 216.72 W, 68, 99 %, 3, 16, 0x0000000000000004
2026/10/08 13:18:44.810, 1, 1530 MHz, 215.03 W, 49, 99 %, 3, 16, 0x0000000000000004
2026/10/08 13:18:46.811, 0, 1635 MHz, 213.27 W, 67, 100 %, 3, 16, 0x0000000000000004
2026/10/08 13:18:46.811, 1, 1455 MHz, 219.23 W, 49, 100 %, 3, 16, 0x0000000000000004
2026/10/08 13:18:48.811, 0, 1830 MHz, 215.42 W, 68, 100 %, 3, 16, 0x0000000000000004
2026/10/08 13:18:48.811, 1, 1635 MHz, 214.31 W, 49, 100 %, 3, 16, 0x0000000000000004
2026/10/08 13:18:50.811, 0, 1545 MHz, 184.77 W, 68, 99 %, 3, 16, 0x0000000000000004
2026/10/08 13:18:50.812, 1, 1560 MHz, 201.59 W, 49, 100 %, 3, 16, 0x0000000000000004
2026/10/08 13:18:52.812, 0, 1590 MHz, 215.18 W, 67, 100 %, 3, 16, 0x0000000000000004
2026/10/08 13:18:52.812, 1, 1620 MHz, 216.76 W, 49, 100 %, 3, 16, 0x0000000000000004
2026/10/08 13:18:54.813, 0, 1650 MHz, 169.51 W, 67, 99 %, 3, 16, 0x0000000000000004
2026/10/08 13:18:54.813, 1, 1620 MHz, 203.73 W, 49, 100 %, 3, 16, 0x0000000000000004
2026/10/08 13:18:56.813, 0, 1545 MHz, 211.91 W, 69, 99 %, 3, 16, 0x0000000000000004
2026/10/08 13:18:56.813, 1, 1770 MHz, 216.02 W, 49, 99 %, 3, 16, 0x0000000000000004
2026/10/08 13:18:58.813, 0, 1905 MHz, 196.00 W, 66, 0 %, 3, 16, 0x0000000000000000
2026/10/08 13:18:58.814, 1, 1635 MHz, 217.12 W, 50, 100 %, 3, 16, 0x0000000000000004
2026/10/08 13:19:00.814, 0, 1560 MHz, 211.29 W, 69, 100 %, 3, 16, 0x0000000000000004
2026/10/08 13:19:00.814, 1, 1650 MHz, 216.63 W, 49, 100 %, 3, 16, 0x0000000000000004
2026/10/08 13:19:02.814, 0, 1620 MHz, 213.60 W, 69, 100 %, 3, 16, 0x0000000000000004
2026/10/08 13:19:02.815, 1, 1485 MHz, 216.60 W, 50, 98 %, 3, 16, 0x0000000000000004
2026/10/08 13:19:04.815, 0, 1905 MHz, 121.42 W, 64, 0 %, 3, 16, 0x0000000000000000
2026/10/08 13:19:04.815, 1, 1575 MHz, 206.04 W, 50, 100 %, 3, 16, 0x0000000000000004
2026/10/08 13:19:06.815, 0, 1710 MHz, 105.18 W, 63, 0 %, 3, 16, 0x0000000000000000
2026/10/08 13:19:06.816, 1, 1590 MHz, 214.83 W, 50, 100 %, 3, 16, 0x0000000000000004
2026/10/08 13:19:08.816, 0, 1905 MHz, 99.23 W, 62, 100 %, 3, 16, 0x0000000000000000
2026/10/08 13:19:08.816, 1, 1905 MHz, 202.40 W, 48, 9 %, 3, 16, 0x0000000000000000
2026/10/08 13:19:10.816, 0, 1905 MHz, 172.71 W, 66, 48 %, 3, 16, 0x0000000000000000
2026/10/08 13:19:10.817, 1, 1905 MHz, 184.88 W, 49, 71 %, 3, 16, 0x0000000000000004
2026/10/08 13:19:12.817, 0, 1845 MHz, 173.39 W, 66, 41 %, 3, 16, 0x0000000000000000
2026/10/08 13:19:12.817, 1, 1905 MHz, 194.48 W, 49, 74 %, 3, 16, 0x0000000000000000
2026/10/08 13:19:14.818, 0, 1905 MHz, 119.55 W, 63, 0 %, 3, 16, 0x0000000000000000
2026/10/08 13:19:14.818, 1, 1905 MHz, 117.64 W, 46, 0 %, 3, 16, 0x0000000000000000
2026/10/08 13:19:16.818, 0, 1710 MHz, 102.10 W, 61, 0 %, 3, 16, 0x0000000000000000
2026/10/08 13:19:16.818, 1, 1710 MHz, 98.54 W, 45, 0 %, 3, 16, 0x0000000000000000
2026/10/08 13:19:18.819, 0, 1710 MHz, 97.55 W, 61, 0 %, 3, 16, 0x0000000000000000
2026/10/08 13:19:18.819, 1, 1710 MHz, 93.67 W, 45, 0 %, 3, 16, 0x0000000000000000
2026/10/08 13:19:20.819, 0, 1710 MHz, 97.14 W, 60, 4 %, 3, 16, 0x0000000000000000
2026/10/08 13:19:20.819, 1, 1710 MHz, 93.59 W, 44, 12 %, 3, 16, 0x0000000000000000
2026/10/08 13:19:22.820, 0, 1635 MHz, 211.82 W, 66, 100 %, 3, 16, 0x0000000000000004
2026/10/08 13:19:22.820, 1, 1710 MHz, 93.22 W, 43, 0 %, 3, 16, 0x0000000000000000
2026/10/08 13:19:24.820, 0, 1470 MHz, 218.85 W, 67, 97 %, 3, 16, 0x0000000000000004
2026/10/08 13:19:24.820, 1, 1710 MHz, 92.86 W, 43, 0 %, 3, 16, 0x0000000000000000
2026/10/08 13:19:26.821, 0, 1455 MHz, 210.29 W, 67, 98 %, 3, 16, 0x0000000000000004
2026/10/08 13:19:26.821, 1, 1620 MHz, 218.18 W, 47, 99 %, 3, 16, 0x0000000000000004
2026/10/08 13:19:28.821, 0, 1635 MHz, 215.33 W, 68, 99 %, 3, 16, 0x0000000000000004
2026/10/08 13:19:28.821, 1, 1635 MHz, 217.70 W, 47, 100 %, 3, 16, 0x0000000000000004
2026/10/08 13:19:30.822, 0, 1635 MHz, 214.31 W, 68, 100 %, 3, 16, 0x0000000000000004
2026/10/08 13:19:30.822, 1, 1605 MHz, 213.18 W, 48, 99 %, 3, 16, 0x0000000000000004
2026/10/08 13:19:32.822, 0, 1620 MHz, 214.09 W, 69, 99 %, 3, 16, 0x0000000000000004
2026/10/08 13:19:32.822, 1, 1575 MHz, 213.04 W, 48, 100 %, 3, 16, 0x0000000000000004
2026/10/08 13:19:34.823, 0, 1590 MHz, 212.36 W, 68, 100 %, 3, 16, 0x0000000000000004
2026/10/08 13:19:34.823, 1, 1455 MHz, 217.47 W, 49, 100 %, 3, 16, 0x0000000000000004
2026/10/08 13:19:36.823, 0, 1605 MHz, 216.11 W, 69, 99 %, 3, 16, 0x0000000000000004
2026/10/08 13:19:36.823, 1, 1530 MHz, 216.68 W, 49, 100 %, 3, 16, 0x0000000000000004
2026/10/08 13:19:38.823, 0, 1635 MHz, 209.10 W, 68, 100 %, 3, 16, 0x0000000000000004
2026/10/08 13:19:38.824, 1, 1440 MHz, 209.20 W, 49, 100 %, 3, 16, 0x0000000000000004
2026/10/08 13:19:40.824, 0, 1605 MHz, 216.74 W, 69, 100 %, 3, 16, 0x0000000000000004
2026/10/08 13:19:40.824, 1, 1620 MHz, 213.38 W, 49, 100 %, 3, 16, 0x0000000000000004
2026/10/08 13:19:42.824, 0, 1740 MHz, 158.51 W, 68, 100 %, 3, 16, 0x0000000000000004
2026/10/08 13:19:42.825, 1, 1485 MHz, 200.43 W, 49, 100 %, 3, 16, 0x0000000000000004
2026/10/08 13:19:44.825, 0, 1500 MHz, 218.43 W, 69, 99 %, 3, 16, 0x0000000000000004
2026/10/08 13:19:44.825, 1, 1605 MHz, 212.49 W, 49, 99 %, 3, 16, 0x0000000000000004
2026/10/08 13:19:46.825, 0, 1905 MHz, 176.15 W, 65, 45 %, 3, 16, 0x0000000000000000
2026/10/08 13:19:46.826, 1, 1605 MHz, 210.75 W, 50, 100 %, 3, 16, 0x0000000000000004
2026/10/08 13:19:48.826, 0, 1470 MHz, 217.46 W, 70, 99 %, 3, 16, 0x0000000000000004
2026/10/08 13:19:48.826, 1, 1470 MHz, 210.87 W, 50, 99 %, 3, 16, 0x0000000000000004
2026/10/08 13:19:50.826, 0, 1455 MHz, 218.48 W, 70, 99 %, 3, 16, 0x0000000000000004
2026/10/08 13:19:50.826, 1, 1590 MHz, 215.22 W, 50, 99 %, 3, 16, 0x0000000000000004
2026/10/08 13:19:52.827, 0, 1605 MHz, 209.02 W, 69, 100 %, 3, 16, 0x0000000000000000
2026/10/08 13:19:52.827, 1, 1530 MHz, 216.17 W, 50, 100 %, 3, 16, 0x0000000000000004
2026/10/08 13:19:54.827, 0, 1590 MHz, 213.74 W, 70, 100 %, 3, 16, 0x0000000000000004
2026/10/08 13:19:54.828, 1, 1590 MHz, 212.77 W, 50, 100 %, 3, 16, 0x0000000000000004
2026/10/08 13:19:56.828, 0, 1905 MHz, 125.18 W, 65, 0 %, 3, 16, 0x0000000000000000
2026/10/08 13:19:56.828, 1, 1635 MHz, 204.12 W, 50, 99 %, 3, 16, 0x0000000000000004
2026/10/08 13:19:58.828, 0, 1710 MHz, 104.86 W, 63, 0 %, 3, 16, 0x0000000000000000
2026/10/08 13:19:58.829, 1, 1485 MHz, 209.57 W, 50, 99 %, 3, 16, 0x0000000000000004
2026/10/08 13:20:00.829, 0, 1710 MHz, 98.42 W, 62, 0 %, 3, 16, 0x0000000000000000
2026/10/08 13:20:00.829, 1, 1575 MHz, 207.09 W, 50, 100 %, 3, 16, 0x0000000000000004
2026/10/08 13:20:02.829, 0, 1905 MHz, 158.02 W, 66, 35 %, 3, 16, 0x0000000000000000
2026/10/08 13:20:02.830, 1, 1905 MHz, 162.40 W, 49, 64 %, 3, 16, 0x0000000000000004
2026/10/08 13:20:04.830, 0, 1905 MHz, 179.08 W, 67, 37 %, 3, 16, 0x0000000000000000
2026/10/08 13:20:04.830, 1, 1905 MHz, 204.86 W, 49, 61 %, 3, 16, 0x0000000000000004
2026/10/08 13:20:06.831, 0, 1905 MHz, 121.60 W, 63, 0 %, 3, 16, 0x0000000000000000
2026/10/08 13:20:06.831, 1, 1905 MHz, 121.80 W, 47, 0 %, 3, 16, 0x0000000000000000
2026/10/08 13:20:08.831, 0, 1710 MHz, 103.12 W, 62, 0 %, 3, 16, 0x0000000000000000
2026/10/08 13:20:08.831, 1, 1710 MHz, 98.18 W, 46, 0 %, 3, 16, 0x0000000000000000
2026/10/08 13:20:10.832, 0, 1710 MHz, 97.88 W, 61, 0 %, 3, 16, 0x0000000000000000
2026/10/08 13:20:10.832, 1, 1710 MHz, 93.81 W, 45, 0 %, 3, 16, 0x0000000000000000
2026/10/08 13:20:12.832, 0, 1710 MHz, 97.65 W, 61, 5 %, 3, 16, 0x0000000000000000
2026/10/08 13:20:12.832, 1, 1710 MHz, 93.17 W, 44, 0 %, 3, 16, 0x0000000000000000
2026/10/08 13:20:14.833, 0, 1200 MHz, 211.32 W, 66, 98 %, 3, 16, 0x0000000000000004
2026/10/08 13:20:14.833, 1, 1710 MHz, 92.93 W, 44, 0 %, 3, 16, 0x0000000000000000
2026/10/08 13:20:16.833, 0, 1440 MHz, 218.45 W, 68, 97 %, 3, 16, 0x0000000000000004
2026/10/08 13:20:16.833, 1, 1710 MHz, 92.62 W, 43, 0 %, 3, 16, 0x0000000000000000
2026/10/08 13:20:18.834, 0, 1605 MHz, 213.82 W, 68, 98 %, 3, 16, 0x0000000000000004
2026/10/08 13:20:18.834, 1, 1620 MHz, 219.42 W, 47, 100 %, 3, 16, 0x0000000000000004
2026/10/08 13:20:20.834, 0, 1455 MHz, 215.11 W, 69, 98 %, 3, 16, 0x0000000000000004
2026/10/08 13:20:20.834, 1, 1635 MHz, 219.41 W, 48, 100 %, 3, 16, 0x0000000000000004
2026/10/08 13:20:22.834, 0, 1440 MHz, 217.80 W, 69, 98 %, 3, 16, 0x0000000000000004
2026/10/08 13:20:22.835, 1, 1635 MHz, 212.95 W, 48, 98 %, 3, 16, 0x0000000000000004
2026/10/08 13:20:24.835, 0, 1590 MHz, 220.81 W, 69, 98 %, 3, 16, 0x0000000000000004
2026/10/08 13:20:24.835, 1, 1470 MHz, 214.13 W, 48, 100 %, 3, 16, 0x0000000000000004
2026/10/08 13:20:26.835, 0, 1575 MHz, 211.58 W, 69, 100 %, 3, 16, 0x0000000000000004
2026/10/08 13:20:26.836, 1, 1470 MHz, 215.67 W, 49, 100 %, 3, 16, 0x0000000000000004
2026/10/08 13:20:28.836, 0, 1575 MHz, 214.73 W, 70, 100 %, 3, 16, 0x0000000000000004
2026/10/08 13:20:28.836, 1, 1440 MHz, 216.77 W, 49, 100 %, 3, 16, 0x0000000000000004
2026/10/08 13:20:30.836, 0, 1575 MHz, 209.12 W, 69, 100 %, 3, 16, 0x0000000000000004
2026/10/08 13:20:30.837, 1, 1500 MHz, 208.44 W, 49, 99 %, 3, 16, 0x0000000000000004
2026/10/08 13:20:32.837, 0, 1485 MHz, 218.10 W, 70, 99 %, 3, 16, 0x0000000000000004
2026/10/08 13:20:32.837, 1, 1410 MHz, 214.25 W, 50, 100 %, 3, 16, 0x0000000000000004
2026/10/08 13:20:34.837, 0, 1905 MHz, 162.41 W, 67, 100 %, 3, 16, 0x0000000000000004
2026/10/08 13:20:34.838, 1, 1620 MHz, 202.12 W, 49, 99 %, 3, 16, 0x0000000000000004
2026/10/08 13:20:36.838, 0, 1455 MHz, 216.99 W, 70, 100 %, 3, 16, 0x0000000000000004
2026/10/08 13:20:36.838, 1, 1470 MHz, 212.42 W, 50, 100 %, 3, 16, 0x0000000000000004
2026/10/08 13:20:38.838, 0, 1650 MHz, 170.41 W, 68, 100 %, 3, 16, 0x0000000000000000
2026/10/08 13:20:38.839, 1, 1905 MHz, 212.67 W, 50, 99 %, 3, 16, 0x0000000000000004
2026/10/08 13:20:40.839, 0, 1905 MHz, 215.59 W, 68, 100 %, 3, 16, 0x0000000000000004
2026/10/08 13:20:40.839, 1, 1470 MHz, 216.51 W, 50, 100 %, 3, 16, 0x0000000000000004
2026/10/08 13:20:42.839, 0, 1590 MHz, 217.47 W, 70, 100 %, 3, 16, 0x0000000000000004
2026/10/08 13:20:42.839, 1, 1560 MHz, 220.26 W, 50, 99 %, 3, 16, 0x0000000000000004
2026/10/08 13:20:44.840, 0, 1605 MHz, 210.52 W, 70, 100 %, 3, 16, 0x0000000000000004
2026/10/08 13:20:44.840, 1, 1455 MHz, 216.29 W, 50, 100 %, 3, 16, 0x0000000000000004
2026/10/08 13:20:46.840, 0, 1170 MHz, 215.20 W, 71, 99 %, 3, 16, 0x0000000000000004
2026/10/08 13:20:46.840, 1, 1620 MHz, 217.88 W, 50, 99 %, 3, 16, 0x0000000000000004
2026/10/08 13:20:48.841, 0, 1905 MHz, 124.16 W, 65, 0 %, 3, 16, 0x0000000000000000
2026/10/08 13:20:48.841, 1, 1635 MHz, 204.90 W, 50, 100 %, 3, 16, 0x0000000000000004
2026/10/08 13:20:50.841, 0, 1710 MHz, 105.97 W, 63, 0 %, 3, 16, 0x0000000000000000
2026/10/08 13:20:50.841, 1, 1485 MHz, 213.43 W, 50, 100 %, 3, 16, 0x0000000000000004
2026/10/08 13:20:52.842, 0, 1710 MHz, 98.72 W, 63, 100 %, 3, 16, 0x0000000000000000
2026/10/08 13:20:52.842, 1, 1470 MHz, 203.01 W, 49, 39 %, 3, 16, 0x0000000000000004
2026/10/08 13:20:54.842, 0, 1905 MHz, 166.69 W, 67, 37 %, 3, 16, 0x0000000000000000
2026/10/08 13:20:54.842, 1, 1785 MHz, 181.74 W, 49, 82 %, 3, 16, 0x0000000000000004
